llama_model_loader: loaded meta data with 34 key-value pairs and 354 tensors from build/benchmark-models/hymt2-7b-Q4_K_M/model.gguf (version GGUF V3 (latest))
llama_model_loader: Dumping metadata keys/values. Note: KV overrides do not apply in this output.
llama_model_loader: - kv   0:                       general.architecture str              = hunyuan-dense
llama_model_loader: - kv   1:                               general.type str              = model
llama_model_loader: - kv   2:                     general.sampling.top_k i32              = 20
llama_model_loader: - kv   3:                     general.sampling.top_p f32              = 0.800000
llama_model_loader: - kv   4:                      general.sampling.temp f32              = 0.700000
llama_model_loader: - kv   5:                               general.name str              = 7B
llama_model_loader: - kv   6:                           general.finetune str              = 7B
llama_model_loader: - kv   7:                         general.size_label str              = 7.5B
llama_model_loader: - kv   8:                  hunyuan-dense.block_count u32              = 32
llama_model_loader: - kv   9:               hunyuan-dense.context_length u32              = 262144
llama_model_loader: - kv  10:             hunyuan-dense.embedding_length u32              = 4096
llama_model_loader: - kv  11:          hunyuan-dense.feed_forward_length u32              = 14336
llama_model_loader: - kv  12:         hunyuan-dense.attention.head_count u32              = 32
llama_model_loader: - kv  13:      hunyuan-dense.attention.head_count_kv u32              = 8
llama_model_loader: - kv  14:               hunyuan-dense.rope.freq_base f32              = 11158840.000000
llama_model_loader: - kv  15: hunyuan-dense.attention.layer_norm_rms_epsilon f32              = 0.000010
llama_model_loader: - kv  16:         hunyuan-dense.attention.key_length u32              = 128
llama_model_loader: - kv  17:       hunyuan-dense.attention.value_length u32              = 128
llama_model_loader: - kv  18:            hunyuan-dense.rope.scaling.type str              = none
llama_model_loader: - kv  19:          hunyuan-dense.rope.scaling.factor f32              = 1.000000
llama_model_loader: - kv  20: hunyuan-dense.rope.scaling.original_context_length u32              = 262144
llama_model_loader: - kv  21:                       tokenizer.ggml.model str              = gpt2
llama_model_loader: - kv  22:                         tokenizer.ggml.pre str              = hunyuan
llama_model_loader: - kv  23:                      tokenizer.ggml.tokens arr[str,128167]  = ["!", "\"", "#", "$", "%", "&", "'", ...
llama_model_loader: - kv  24:                  tokenizer.ggml.token_type arr[i32,128167]  = [1, 1, 1, 1, 1, 1, 1, 1, 1, 1, 1, 1, ...
llama_model_loader: - kv  25:                      tokenizer.ggml.merges arr[str,264306]  = ["Ġ Ġ", "Ġ ĠĠĠ", "ĠĠ ĠĠ", "...
llama_model_loader: - kv  26:                tokenizer.ggml.bos_token_id u32              = 127958
llama_model_loader: - kv  27:                tokenizer.ggml.eos_token_id u32              = 3
llama_model_loader: - kv  28:            tokenizer.ggml.padding_token_id u32              = 127961
llama_model_loader: - kv  29:          tokenizer.ggml.seperator_token_id u32              = 127962
llama_model_loader: - kv  30:                    tokenizer.chat_template str              = {% set ns = namespace(has_head=true) ...
llama_model_loader: - kv  31:                tokenizer.ggml.eot_token_id u32              = 127960
llama_model_loader: - kv  32:               general.quantization_version u32              = 2
llama_model_loader: - kv  33:                          general.file_type u32              = 15
llama_model_loader: - type  f32:  129 tensors
llama_model_loader: - type q4_K:  192 tensors
llama_model_loader: - type q6_K:   33 tensors
print_info: file format = GGUF V3 (latest)
print_info: file type   = Q4_K - Medium
print_info: file size   = 4.30 GiB (4.92 BPW)
init_tokenizer: initializing tokenizer for type 2
load: 0 unused tokens
load: control token: 128165 '<|extra_203|>' is not marked as EOG
load: control token: 128164 '<|extra_202|>' is not marked as EOG
load: control token: 128155 '<|extra_193|>' is not marked as EOG
load: control token: 128152 '<|extra_190|>' is not marked as EOG
load: control token: 128147 '<|extra_185|>' is not marked as EOG
load: control token: 128143 '<|extra_181|>' is not marked as EOG
load: control token: 128142 '<|extra_180|>' is not marked as EOG
load: control token: 128141 '<|extra_179|>' is not marked as EOG
load: control token: 128138 '<|extra_176|>' is not marked as EOG
load: control token: 128136 '<|extra_174|>' is not marked as EOG
load: control token: 128134 '<|extra_172|>' is not marked as EOG
load: control token: 128133 '<|extra_171|>' is not marked as EOG
load: control token: 128129 '<|extra_167|>' is not marked as EOG
load: control token: 128127 '<|extra_165|>' is not marked as EOG
load: control token: 128126 '<|extra_164|>' is not marked as EOG
load: control token: 128124 '<|extra_162|>' is not marked as EOG
load: control token: 128120 '<|extra_158|>' is not marked as EOG
load: control token: 128119 '<|extra_157|>' is not marked as EOG
load: control token: 128117 '<|extra_155|>' is not marked as EOG
load: control token: 128115 '<|extra_153|>' is not marked as EOG
load: control token: 128114 '<|extra_152|>' is not marked as EOG
load: control token: 128110 '<|extra_148|>' is not marked as EOG
load: control token: 128109 '<|extra_147|>' is not marked as EOG
load: control token: 128107 '<|extra_145|>' is not marked as EOG
load: control token: 128105 '<|extra_143|>' is not marked as EOG
load: control token: 128102 '<|extra_140|>' is not marked as EOG
load: control token: 128100 '<|extra_138|>' is not marked as EOG
load: control token: 128099 '<|extra_137|>' is not marked as EOG
load: control token: 128097 '<|extra_135|>' is not marked as EOG
load: control token: 128096 '<|extra_134|>' is not marked as EOG
load: control token: 128095 '<|extra_133|>' is not marked as EOG
load: control token: 128092 '<|extra_130|>' is not marked as EOG
load: control token: 128090 '<|extra_128|>' is not marked as EOG
load: control token: 128089 '<|extra_127|>' is not marked as EOG
load: control token: 128085 '<|extra_123|>' is not marked as EOG
load: control token: 128080 '<|extra_118|>' is not marked as EOG
load: control token: 128077 '<|extra_115|>' is not marked as EOG
load: control token: 128074 '<|extra_112|>' is not marked as EOG
load: control token: 128068 '<|extra_106|>' is not marked as EOG
load: control token: 128066 '<|extra_104|>' is not marked as EOG
load: control token: 128065 '<|extra_103|>' is not marked as EOG
load: control token: 128063 '<|extra_101|>' is not marked as EOG
load: control token: 128062 '<|extra_100|>' is not marked as EOG
load: control token: 128061 '<|extra_99|>' is not marked as EOG
load: control token: 128056 '<|extra_94|>' is not marked as EOG
load: control token: 128050 '<|extra_88|>' is not marked as EOG
load: control token: 128046 '<|extra_84|>' is not marked as EOG
load: control token: 128044 '<|extra_82|>' is not marked as EOG
load: control token: 128041 '<|extra_79|>' is not marked as EOG
load: control token: 128038 '<|extra_76|>' is not marked as EOG
load: control token: 128037 '<|extra_75|>' is not marked as EOG
load: control token: 128034 '<|extra_72|>' is not marked as EOG
load: control token: 128032 '<|extra_70|>' is not marked as EOG
load: control token: 128030 '<|extra_68|>' is not marked as EOG
load: control token: 128028 '<|extra_66|>' is not marked as EOG
load: control token: 128027 '<|extra_65|>' is not marked as EOG
load: control token: 128025 '<|extra_63|>' is not marked as EOG
load: control token: 128024 '<|extra_62|>' is not marked as EOG
load: control token: 128023 '<|extra_61|>' is not marked as EOG
load: control token: 128022 '<|extra_60|>' is not marked as EOG
load: control token: 128018 '<|extra_56|>' is not marked as EOG
load: control token: 128016 '<|extra_54|>' is not marked as EOG
load: control token: 128013 '<|extra_51|>' is not marked as EOG
load: control token: 128011 '<|extra_49|>' is not marked as EOG
load: control token: 128010 '<|extra_48|>' is not marked as EOG
load: control token: 128008 '<|extra_46|>' is not marked as EOG
load: control token: 128005 '<|extra_43|>' is not marked as EOG
load: control token: 128003 '<|extra_41|>' is not marked as EOG
load: control token: 128000 '<|extra_38|>' is not marked as EOG
load: control token: 127995 '<|extra_33|>' is not marked as EOG
load: control token: 127994 '<|extra_32|>' is not marked as EOG
load: control token: 127992 '<|extra_30|>' is not marked as EOG
load: control token: 127988 '<|extra_26|>' is not marked as EOG
load: control token: 127980 '<|extra_18|>' is not marked as EOG
load: control token: 127979 '<|extra_17|>' is not marked as EOG
load: control token: 127978 '<|extra_16|>' is not marked as EOG
load: control token: 127974 '<|extra_12|>' is not marked as EOG
load: control token: 127973 '<|extra_11|>' is not marked as EOG
load: control token: 127972 '<|extra_10|>' is not marked as EOG
load: control token: 127968 '<|extra_6|>' is not marked as EOG
load: control token: 127966 '<|extra_4|>' is not marked as EOG
load: control token: 127965 '<|extra_3|>' is not marked as EOG
load: control token: 127964 '<|extra_2|>' is not marked as EOG
load: control token: 127963 '<|extra_1|>' is not marked as EOG
load: control token: 127961 '<|pad|>' is not marked as EOG
load: control token: 127959 '<|bos|>' is not marked as EOG
load: control token: 128001 '<|extra_39|>' is not marked as EOG
load: control token: 127990 '<|extra_28|>' is not marked as EOG
load: control token: 128145 '<|extra_183|>' is not marked as EOG
load: control token: 128048 '<|extra_86|>' is not marked as EOG
load: control token: 128051 '<|extra_89|>' is not marked as EOG
load: control token: 127983 '<|extra_21|>' is not marked as EOG
load: control token: 128049 '<|extra_87|>' is not marked as EOG
load: control token: 128151 '<|extra_189|>' is not marked as EOG
load: control token: 127967 '<|extra_5|>' is not marked as EOG
load: control token: 128130 '<|extra_168|>' is not marked as EOG
load: control token: 128007 '<|extra_45|>' is not marked as EOG
load: control token: 128004 '<|extra_42|>' is not marked as EOG
load: control token: 127960 '<|eos|>' is not marked as EOG
load: control token: 128160 '<|extra_198|>' is not marked as EOG
load: control token: 128159 '<|extra_197|>' is not marked as EOG
load: control token: 127999 '<|extra_37|>' is not marked as EOG
load: control token: 128106 '<|extra_144|>' is not marked as EOG
load: control token: 128088 '<|extra_126|>' is not marked as EOG
load: control token: 127997 '<|extra_35|>' is not marked as EOG
load: control token: 128146 '<|extra_184|>' is not marked as EOG
load: control token: 128113 '<|extra_151|>' is not marked as EOG
load: control token: 128104 '<|extra_142|>' is not marked as EOG
load: control token: 128101 '<|extra_139|>' is not marked as EOG
load: control token: 128035 '<|extra_73|>' is not marked as EOG
load: control token: 128057 '<|extra_95|>' is not marked as EOG
load: control token: 128148 '<|extra_186|>' is not marked as EOG
load: control token: 128059 '<|extra_97|>' is not marked as EOG
load: control token: 128108 '<|extra_146|>' is not marked as EOG
load: control token: 127977 '<|extra_15|>' is not marked as EOG
load: control token: 128029 '<|extra_67|>' is not marked as EOG
load: control token: 128139 '<|extra_177|>' is not marked as EOG
load: control token: 128002 '<|extra_40|>' is not marked as EOG
load: control token: 128091 '<|extra_129|>' is not marked as EOG
load: control token: 128098 '<|extra_136|>' is not marked as EOG
load: control token: 128081 '<|extra_119|>' is not marked as EOG
load: control token: 128122 '<|extra_160|>' is not marked as EOG
load: control token: 128078 '<|extra_116|>' is not marked as EOG
load: control token: 128070 '<|extra_108|>' is not marked as EOG
load: control token: 128156 '<|extra_194|>' is not marked as EOG
load: control token: 128054 '<|extra_92|>' is not marked as EOG
load: control token: 128014 '<|extra_52|>' is not marked as EOG
load: control token: 128083 '<|extra_121|>' is not marked as EOG
load: control token: 127981 '<|extra_19|>' is not marked as EOG
load: control token: 128162 '<|extra_200|>' is not marked as EOG
load: control token: 128131 '<|extra_169|>' is not marked as EOG
load: control token: 128060 '<|extra_98|>' is not marked as EOG
load: control token: 127984 '<|extra_22|>' is not marked as EOG
load: control token: 128132 '<|extra_170|>' is not marked as EOG
load: control token: 128009 '<|extra_47|>' is not marked as EOG
load: control token: 128125 '<|extra_163|>' is not marked as EOG
load: control token: 128140 '<|extra_178|>' is not marked as EOG
load: control token: 128047 '<|extra_85|>' is not marked as EOG
load: control token: 127971 '<|extra_9|>' is not marked as EOG
load: control token: 128039 '<|extra_77|>' is not marked as EOG
load: control token: 128072 '<|extra_110|>' is not marked as EOG
load: control token: 128052 '<|extra_90|>' is not marked as EOG
load: control token: 128103 '<|extra_141|>' is not marked as EOG
load: control token: 127962 '<|extra_0|>' is not marked as EOG
load: control token: 128087 '<|extra_125|>' is not marked as EOG
load: control token: 127996 '<|extra_34|>' is not marked as EOG
load: control token: 128128 '<|extra_166|>' is not marked as EOG
load: control token: 127976 '<|extra_14|>' is not marked as EOG
load: control token: 128154 '<|extra_192|>' is not marked as EOG
load: control token: 128020 '<|extra_58|>' is not marked as EOG
load: control token: 128042 '<|extra_80|>' is not marked as EOG
load: control token: 128055 '<|extra_93|>' is not marked as EOG
load: control token: 128093 '<|extra_131|>' is not marked as EOG
load: control token: 127989 '<|extra_27|>' is not marked as EOG
load: control token: 128067 '<|extra_105|>' is not marked as EOG
load: control token: 128123 '<|extra_161|>' is not marked as EOG
load: control token: 128116 '<|extra_154|>' is not marked as EOG
load: control token: 128121 '<|extra_159|>' is not marked as EOG
load: control token: 128075 '<|extra_113|>' is not marked as EOG
load: control token: 128006 '<|extra_44|>' is not marked as EOG
load: control token: 128163 '<|extra_201|>' is not marked as EOG
load: control token: 128064 '<|extra_102|>' is not marked as EOG
load: control token: 128058 '<|extra_96|>' is not marked as EOG
load: control token: 128012 '<|extra_50|>' is not marked as EOG
load: control token: 128094 '<|extra_132|>' is not marked as EOG
load: control token: 128031 '<|extra_69|>' is not marked as EOG
load: control token: 127970 '<|extra_8|>' is not marked as EOG
load: control token: 128017 '<|extra_55|>' is not marked as EOG
load: control token: 128112 '<|extra_150|>' is not marked as EOG
load: control token: 128040 '<|extra_78|>' is not marked as EOG
load: control token: 128015 '<|extra_53|>' is not marked as EOG
load: control token: 128019 '<|extra_57|>' is not marked as EOG
load: control token: 127987 '<|extra_25|>' is not marked as EOG
load: control token: 128026 '<|extra_64|>' is not marked as EOG
load: control token: 127993 '<|extra_31|>' is not marked as EOG
load: control token: 128084 '<|extra_122|>' is not marked as EOG
load: control token: 127975 '<|extra_13|>' is not marked as EOG
load: control token: 128144 '<|extra_182|>' is not marked as EOG
load: control token: 128073 '<|extra_111|>' is not marked as EOG
load: control token: 128111 '<|extra_149|>' is not marked as EOG
load: control token: 128118 '<|extra_156|>' is not marked as EOG
load: control token: 128033 '<|extra_71|>' is not marked as EOG
load: control token: 128076 '<|extra_114|>' is not marked as EOG
load: control token: 128086 '<|extra_124|>' is not marked as EOG
load: control token: 128069 '<|extra_107|>' is not marked as EOG
load: control token: 128153 '<|extra_191|>' is not marked as EOG
load: control token: 128161 '<|extra_199|>' is not marked as EOG
load: control token: 127958 '<|startoftext|>' is not marked as EOG
load: control token: 128157 '<|extra_195|>' is not marked as EOG
load: control token: 127982 '<|extra_20|>' is not marked as EOG
load: control token: 127998 '<|extra_36|>' is not marked as EOG
load: control token: 128071 '<|extra_109|>' is not marked as EOG
load: control token: 128021 '<|extra_59|>' is not marked as EOG
load: control token: 127985 '<|extra_23|>' is not marked as EOG
load: control token: 128043 '<|extra_81|>' is not marked as EOG
load: control token: 128045 '<|extra_83|>' is not marked as EOG
load: control token: 128149 '<|extra_187|>' is not marked as EOG
load: control token: 128036 '<|extra_74|>' is not marked as EOG
load: control token: 127969 '<|extra_7|>' is not marked as EOG
load: control token: 128150 '<|extra_188|>' is not marked as EOG
load: control token: 128158 '<|extra_196|>' is not marked as EOG
load: control token: 128082 '<|extra_120|>' is not marked as EOG
load: control token: 127986 '<|extra_24|>' is not marked as EOG
load: control token: 128053 '<|extra_91|>' is not marked as EOG
load: control token: 127991 '<|extra_29|>' is not marked as EOG
load: control token: 128135 '<|extra_173|>' is not marked as EOG
load: control token: 128079 '<|extra_117|>' is not marked as EOG
load: control token: 128137 '<|extra_175|>' is not marked as EOG
load: special_eos_id is not in special_eog_ids - the tokenizer config may be incorrect
load: special_eot_id is not in special_eog_ids - the tokenizer config may be incorrect
load: printing all EOG tokens:
load:   - 3 ('$')
load:   - 127957 ('<|endoftext|>')
load:   - 127960 ('<|eos|>')
load: special tokens cache size = 209
load: token to piece cache size = 0.7868 MB
print_info: arch                  = hunyuan-dense
print_info: vocab_only            = 0
print_info: no_alloc              = 0
print_info: n_ctx_train           = 262144
print_info: n_embd_inp            = 4096
print_info: n_embd                = 4096
print_info: n_embd_out            = 4096
print_info: n_layer               = 32
print_info: n_layer_all           = 32
print_info: n_head                = 32
print_info: n_head_kv             = 8
print_info: n_rot                 = 128
print_info: n_swa                 = 0
print_info: is_swa_any            = 0
print_info: non_causal_type       = 0
print_info: n_embd_head_k         = 128
print_info: n_embd_head_v         = 128
print_info: n_gqa                 = 4
print_info: n_embd_k_gqa          = 1024
print_info: n_embd_v_gqa          = 1024
print_info: f_norm_eps            = 0.0e+00
print_info: f_norm_rms_eps        = 1.0e-05
print_info: f_clamp_kqv           = 0.0e+00
print_info: f_max_alibi_bias      = 0.0e+00
print_info: f_logit_scale         = 0.0e+00
print_info: f_attn_scale          = 0.0e+00
print_info: f_attn_value_scale    = 0.0000
print_info: n_ff                  = 14336
print_info: n_expert              = 0
print_info: n_expert_used         = 0
print_info: n_expert_groups       = 0
print_info: n_group_used          = 0
print_info: causal attn           = 1
print_info: pooling type          = -1
print_info: rope type             = 2
print_info: rope scaling          = none
print_info: freq_base_train       = 11158840.0
print_info: freq_scale_train      = 1
print_info: n_ctx_orig_yarn       = 262144
print_info: rope_yarn_log_mul     = 0.0000
print_info: rope_finetuned        = unknown
print_info: model type            = 7B
print_info: model params          = 7.50 B
print_info: general.name          = 7B
print_info: vocab type            = BPE
print_info: n_vocab               = 128167
print_info: n_merges              = 264306
print_info: BOS token             = 127958 '<|startoftext|>'
print_info: EOS token             = 3 '$'
print_info: EOT token             = 127960 '<|eos|>'
print_info: SEP token             = 127962 '<|extra_0|>'
print_info: PAD token             = 127961 '<|pad|>'
print_info: LF token              = 198 'Ċ'
print_info: EOG token             = 3 '$'
print_info: EOG token             = 127957 '<|endoftext|>'
print_info: EOG token             = 127960 '<|eos|>'
print_info: max token length      = 256
load_tensors: loading model tensors, this can take a while... (load_mode = mmap)
load_tensors: layer   0 assigned to device CPU, is_swa = 0
load_tensors: layer   1 assigned to device CPU, is_swa = 0
load_tensors: layer   2 assigned to device CPU, is_swa = 0
load_tensors: layer   3 assigned to device CPU, is_swa = 0
load_tensors: layer   4 assigned to device CPU, is_swa = 0
load_tensors: layer   5 assigned to device CPU, is_swa = 0
load_tensors: layer   6 assigned to device CPU, is_swa = 0
load_tensors: layer   7 assigned to device CPU, is_swa = 0
load_tensors: layer   8 assigned to device CPU, is_swa = 0
load_tensors: layer   9 assigned to device CPU, is_swa = 0
load_tensors: layer  10 assigned to device CPU, is_swa = 0
load_tensors: layer  11 assigned to device CPU, is_swa = 0
load_tensors: layer  12 assigned to device CPU, is_swa = 0
load_tensors: layer  13 assigned to device CPU, is_swa = 0
load_tensors: layer  14 assigned to device CPU, is_swa = 0
load_tensors: layer  15 assigned to device CPU, is_swa = 0
load_tensors: layer  16 assigned to device CPU, is_swa = 0
load_tensors: layer  17 assigned to device CPU, is_swa = 0
load_tensors: layer  18 assigned to device CPU, is_swa = 0
load_tensors: layer  19 assigned to device CPU, is_swa = 0
load_tensors: layer  20 assigned to device CPU, is_swa = 0
load_tensors: layer  21 assigned to device CPU, is_swa = 0
load_tensors: layer  22 assigned to device CPU, is_swa = 0
load_tensors: layer  23 assigned to device CPU, is_swa = 0
load_tensors: layer  24 assigned to device CPU, is_swa = 0
load_tensors: layer  25 assigned to device CPU, is_swa = 0
load_tensors: layer  26 assigned to device CPU, is_swa = 0
load_tensors: layer  27 assigned to device CPU, is_swa = 0
load_tensors: layer  28 assigned to device CPU, is_swa = 0
load_tensors: layer  29 assigned to device CPU, is_swa = 0
load_tensors: layer  30 assigned to device CPU, is_swa = 0
load_tensors: layer  31 assigned to device CPU, is_swa = 0
load_tensors: layer  32 assigned to device CPU, is_swa = 0
create_tensor: loading tensor token_embd.weight
create_tensor: loading tensor output_norm.weight
create_tensor: loading tensor output.weight
create_tensor: loading tensor token_embd.weight
create_tensor: loading tensor blk.0.attn_norm.weight
create_tensor: loading tensor blk.0.attn_qkv.weight
create_tensor: loading tensor blk.0.attn_q.weight
create_tensor: loading tensor blk.0.attn_k.weight
create_tensor: loading tensor blk.0.attn_v.weight
create_tensor: loading tensor blk.0.attn_q.bias
create_tensor: loading tensor blk.0.attn_k.bias
create_tensor: loading tensor blk.0.attn_v.bias
create_tensor: loading tensor blk.0.attn_output.weight
create_tensor: loading tensor blk.0.attn_k_norm.weight
create_tensor: loading tensor blk.0.attn_q_norm.weight
create_tensor: loading tensor blk.0.ffn_norm.weight
create_tensor: loading tensor blk.0.ffn_gate.weight
create_tensor: loading tensor blk.0.ffn_down.weight
create_tensor: loading tensor blk.0.ffn_up.weight
create_tensor: loading tensor blk.1.attn_norm.weight
create_tensor: loading tensor blk.1.attn_qkv.weight
create_tensor: loading tensor blk.1.attn_q.weight
create_tensor: loading tensor blk.1.attn_k.weight
create_tensor: loading tensor blk.1.attn_v.weight
create_tensor: loading tensor blk.1.attn_q.bias
create_tensor: loading tensor blk.1.attn_k.bias
create_tensor: loading tensor blk.1.attn_v.bias
create_tensor: loading tensor blk.1.attn_output.weight
create_tensor: loading tensor blk.1.attn_k_norm.weight
create_tensor: loading tensor blk.1.attn_q_norm.weight
create_tensor: loading tensor blk.1.ffn_norm.weight
create_tensor: loading tensor blk.1.ffn_gate.weight
create_tensor: loading tensor blk.1.ffn_down.weight
create_tensor: loading tensor blk.1.ffn_up.weight
create_tensor: loading tensor blk.2.attn_norm.weight
create_tensor: loading tensor blk.2.attn_qkv.weight
create_tensor: loading tensor blk.2.attn_q.weight
create_tensor: loading tensor blk.2.attn_k.weight
create_tensor: loading tensor blk.2.attn_v.weight
create_tensor: loading tensor blk.2.attn_q.bias
create_tensor: loading tensor blk.2.attn_k.bias
create_tensor: loading tensor blk.2.attn_v.bias
create_tensor: loading tensor blk.2.attn_output.weight
create_tensor: loading tensor blk.2.attn_k_norm.weight
create_tensor: loading tensor blk.2.attn_q_norm.weight
create_tensor: loading tensor blk.2.ffn_norm.weight
create_tensor: loading tensor blk.2.ffn_gate.weight
create_tensor: loading tensor blk.2.ffn_down.weight
create_tensor: loading tensor blk.2.ffn_up.weight
create_tensor: loading tensor blk.3.attn_norm.weight
create_tensor: loading tensor blk.3.attn_qkv.weight
create_tensor: loading tensor blk.3.attn_q.weight
create_tensor: loading tensor blk.3.attn_k.weight
create_tensor: loading tensor blk.3.attn_v.weight
create_tensor: loading tensor blk.3.attn_q.bias
create_tensor: loading tensor blk.3.attn_k.bias
create_tensor: loading tensor blk.3.attn_v.bias
create_tensor: loading tensor blk.3.attn_output.weight
create_tensor: loading tensor blk.3.attn_k_norm.weight
create_tensor: loading tensor blk.3.attn_q_norm.weight
create_tensor: loading tensor blk.3.ffn_norm.weight
create_tensor: loading tensor blk.3.ffn_gate.weight
create_tensor: loading tensor blk.3.ffn_down.weight
create_tensor: loading tensor blk.3.ffn_up.weight
create_tensor: loading tensor blk.4.attn_norm.weight
create_tensor: loading tensor blk.4.attn_qkv.weight
create_tensor: loading tensor blk.4.attn_q.weight
create_tensor: loading tensor blk.4.attn_k.weight
create_tensor: loading tensor blk.4.attn_v.weight
create_tensor: loading tensor blk.4.attn_q.bias
create_tensor: loading tensor blk.4.attn_k.bias
create_tensor: loading tensor blk.4.attn_v.bias
create_tensor: loading tensor blk.4.attn_output.weight
create_tensor: loading tensor blk.4.attn_k_norm.weight
create_tensor: loading tensor blk.4.attn_q_norm.weight
create_tensor: loading tensor blk.4.ffn_norm.weight
create_tensor: loading tensor blk.4.ffn_gate.weight
create_tensor: loading tensor blk.4.ffn_down.weight
create_tensor: loading tensor blk.4.ffn_up.weight
create_tensor: loading tensor blk.5.attn_norm.weight
create_tensor: loading tensor blk.5.attn_qkv.weight
create_tensor: loading tensor blk.5.attn_q.weight
create_tensor: loading tensor blk.5.attn_k.weight
create_tensor: loading tensor blk.5.attn_v.weight
create_tensor: loading tensor blk.5.attn_q.bias
create_tensor: loading tensor blk.5.attn_k.bias
create_tensor: loading tensor blk.5.attn_v.bias
create_tensor: loading tensor blk.5.attn_output.weight
create_tensor: loading tensor blk.5.attn_k_norm.weight
create_tensor: loading tensor blk.5.attn_q_norm.weight
create_tensor: loading tensor blk.5.ffn_norm.weight
create_tensor: loading tensor blk.5.ffn_gate.weight
create_tensor: loading tensor blk.5.ffn_down.weight
create_tensor: loading tensor blk.5.ffn_up.weight
create_tensor: loading tensor blk.6.attn_norm.weight
create_tensor: loading tensor blk.6.attn_qkv.weight
create_tensor: loading tensor blk.6.attn_q.weight
create_tensor: loading tensor blk.6.attn_k.weight
create_tensor: loading tensor blk.6.attn_v.weight
create_tensor: loading tensor blk.6.attn_q.bias
create_tensor: loading tensor blk.6.attn_k.bias
create_tensor: loading tensor blk.6.attn_v.bias
create_tensor: loading tensor blk.6.attn_output.weight
create_tensor: loading tensor blk.6.attn_k_norm.weight
create_tensor: loading tensor blk.6.attn_q_norm.weight
create_tensor: loading tensor blk.6.ffn_norm.weight
create_tensor: loading tensor blk.6.ffn_gate.weight
create_tensor: loading tensor blk.6.ffn_down.weight
create_tensor: loading tensor blk.6.ffn_up.weight
create_tensor: loading tensor blk.7.attn_norm.weight
create_tensor: loading tensor blk.7.attn_qkv.weight
create_tensor: loading tensor blk.7.attn_q.weight
create_tensor: loading tensor blk.7.attn_k.weight
create_tensor: loading tensor blk.7.attn_v.weight
create_tensor: loading tensor blk.7.attn_q.bias
create_tensor: loading tensor blk.7.attn_k.bias
create_tensor: loading tensor blk.7.attn_v.bias
create_tensor: loading tensor blk.7.attn_output.weight
create_tensor: loading tensor blk.7.attn_k_norm.weight
create_tensor: loading tensor blk.7.attn_q_norm.weight
create_tensor: loading tensor blk.7.ffn_norm.weight
create_tensor: loading tensor blk.7.ffn_gate.weight
create_tensor: loading tensor blk.7.ffn_down.weight
create_tensor: loading tensor blk.7.ffn_up.weight
create_tensor: loading tensor blk.8.attn_norm.weight
create_tensor: loading tensor blk.8.attn_qkv.weight
create_tensor: loading tensor blk.8.attn_q.weight
create_tensor: loading tensor blk.8.attn_k.weight
create_tensor: loading tensor blk.8.attn_v.weight
create_tensor: loading tensor blk.8.attn_q.bias
create_tensor: loading tensor blk.8.attn_k.bias
create_tensor: loading tensor blk.8.attn_v.bias
create_tensor: loading tensor blk.8.attn_output.weight
create_tensor: loading tensor blk.8.attn_k_norm.weight
create_tensor: loading tensor blk.8.attn_q_norm.weight
create_tensor: loading tensor blk.8.ffn_norm.weight
create_tensor: loading tensor blk.8.ffn_gate.weight
create_tensor: loading tensor blk.8.ffn_down.weight
create_tensor: loading tensor blk.8.ffn_up.weight
create_tensor: loading tensor blk.9.attn_norm.weight
create_tensor: loading tensor blk.9.attn_qkv.weight
create_tensor: loading tensor blk.9.attn_q.weight
create_tensor: loading tensor blk.9.attn_k.weight
create_tensor: loading tensor blk.9.attn_v.weight
create_tensor: loading tensor blk.9.attn_q.bias
create_tensor: loading tensor blk.9.attn_k.bias
create_tensor: loading tensor blk.9.attn_v.bias
create_tensor: loading tensor blk.9.attn_output.weight
create_tensor: loading tensor blk.9.attn_k_norm.weight
create_tensor: loading tensor blk.9.attn_q_norm.weight
create_tensor: loading tensor blk.9.ffn_norm.weight
create_tensor: loading tensor blk.9.ffn_gate.weight
create_tensor: loading tensor blk.9.ffn_down.weight
create_tensor: loading tensor blk.9.ffn_up.weight
create_tensor: loading tensor blk.10.attn_norm.weight
create_tensor: loading tensor blk.10.attn_qkv.weight
create_tensor: loading tensor blk.10.attn_q.weight
create_tensor: loading tensor blk.10.attn_k.weight
create_tensor: loading tensor blk.10.attn_v.weight
create_tensor: loading tensor blk.10.attn_q.bias
create_tensor: loading tensor blk.10.attn_k.bias
create_tensor: loading tensor blk.10.attn_v.bias
create_tensor: loading tensor blk.10.attn_output.weight
create_tensor: loading tensor blk.10.attn_k_norm.weight
create_tensor: loading tensor blk.10.attn_q_norm.weight
create_tensor: loading tensor blk.10.ffn_norm.weight
create_tensor: loading tensor blk.10.ffn_gate.weight
create_tensor: loading tensor blk.10.ffn_down.weight
create_tensor: loading tensor blk.10.ffn_up.weight
create_tensor: loading tensor blk.11.attn_norm.weight
create_tensor: loading tensor blk.11.attn_qkv.weight
create_tensor: loading tensor blk.11.attn_q.weight
create_tensor: loading tensor blk.11.attn_k.weight
create_tensor: loading tensor blk.11.attn_v.weight
create_tensor: loading tensor blk.11.attn_q.bias
create_tensor: loading tensor blk.11.attn_k.bias
create_tensor: loading tensor blk.11.attn_v.bias
create_tensor: loading tensor blk.11.attn_output.weight
create_tensor: loading tensor blk.11.attn_k_norm.weight
create_tensor: loading tensor blk.11.attn_q_norm.weight
create_tensor: loading tensor blk.11.ffn_norm.weight
create_tensor: loading tensor blk.11.ffn_gate.weight
create_tensor: loading tensor blk.11.ffn_down.weight
create_tensor: loading tensor blk.11.ffn_up.weight
create_tensor: loading tensor blk.12.attn_norm.weight
create_tensor: loading tensor blk.12.attn_qkv.weight
create_tensor: loading tensor blk.12.attn_q.weight
create_tensor: loading tensor blk.12.attn_k.weight
create_tensor: loading tensor blk.12.attn_v.weight
create_tensor: loading tensor blk.12.attn_q.bias
create_tensor: loading tensor blk.12.attn_k.bias
create_tensor: loading tensor blk.12.attn_v.bias
create_tensor: loading tensor blk.12.attn_output.weight
create_tensor: loading tensor blk.12.attn_k_norm.weight
create_tensor: loading tensor blk.12.attn_q_norm.weight
create_tensor: loading tensor blk.12.ffn_norm.weight
create_tensor: loading tensor blk.12.ffn_gate.weight
create_tensor: loading tensor blk.12.ffn_down.weight
create_tensor: loading tensor blk.12.ffn_up.weight
create_tensor: loading tensor blk.13.attn_norm.weight
create_tensor: loading tensor blk.13.attn_qkv.weight
create_tensor: loading tensor blk.13.attn_q.weight
create_tensor: loading tensor blk.13.attn_k.weight
create_tensor: loading tensor blk.13.attn_v.weight
create_tensor: loading tensor blk.13.attn_q.bias
create_tensor: loading tensor blk.13.attn_k.bias
create_tensor: loading tensor blk.13.attn_v.bias
create_tensor: loading tensor blk.13.attn_output.weight
create_tensor: loading tensor blk.13.attn_k_norm.weight
create_tensor: loading tensor blk.13.attn_q_norm.weight
create_tensor: loading tensor blk.13.ffn_norm.weight
create_tensor: loading tensor blk.13.ffn_gate.weight
create_tensor: loading tensor blk.13.ffn_down.weight
create_tensor: loading tensor blk.13.ffn_up.weight
create_tensor: loading tensor blk.14.attn_norm.weight
create_tensor: loading tensor blk.14.attn_qkv.weight
create_tensor: loading tensor blk.14.attn_q.weight
create_tensor: loading tensor blk.14.attn_k.weight
create_tensor: loading tensor blk.14.attn_v.weight
create_tensor: loading tensor blk.14.attn_q.bias
create_tensor: loading tensor blk.14.attn_k.bias
create_tensor: loading tensor blk.14.attn_v.bias
create_tensor: loading tensor blk.14.attn_output.weight
create_tensor: loading tensor blk.14.attn_k_norm.weight
create_tensor: loading tensor blk.14.attn_q_norm.weight
create_tensor: loading tensor blk.14.ffn_norm.weight
create_tensor: loading tensor blk.14.ffn_gate.weight
create_tensor: loading tensor blk.14.ffn_down.weight
create_tensor: loading tensor blk.14.ffn_up.weight
create_tensor: loading tensor blk.15.attn_norm.weight
create_tensor: loading tensor blk.15.attn_qkv.weight
create_tensor: loading tensor blk.15.attn_q.weight
create_tensor: loading tensor blk.15.attn_k.weight
create_tensor: loading tensor blk.15.attn_v.weight
create_tensor: loading tensor blk.15.attn_q.bias
create_tensor: loading tensor blk.15.attn_k.bias
create_tensor: loading tensor blk.15.attn_v.bias
create_tensor: loading tensor blk.15.attn_output.weight
create_tensor: loading tensor blk.15.attn_k_norm.weight
create_tensor: loading tensor blk.15.attn_q_norm.weight
create_tensor: loading tensor blk.15.ffn_norm.weight
create_tensor: loading tensor blk.15.ffn_gate.weight
create_tensor: loading tensor blk.15.ffn_down.weight
create_tensor: loading tensor blk.15.ffn_up.weight
create_tensor: loading tensor blk.16.attn_norm.weight
create_tensor: loading tensor blk.16.attn_qkv.weight
create_tensor: loading tensor blk.16.attn_q.weight
create_tensor: loading tensor blk.16.attn_k.weight
create_tensor: loading tensor blk.16.attn_v.weight
create_tensor: loading tensor blk.16.attn_q.bias
create_tensor: loading tensor blk.16.attn_k.bias
create_tensor: loading tensor blk.16.attn_v.bias
create_tensor: loading tensor blk.16.attn_output.weight
create_tensor: loading tensor blk.16.attn_k_norm.weight
create_tensor: loading tensor blk.16.attn_q_norm.weight
create_tensor: loading tensor blk.16.ffn_norm.weight
create_tensor: loading tensor blk.16.ffn_gate.weight
create_tensor: loading tensor blk.16.ffn_down.weight
create_tensor: loading tensor blk.16.ffn_up.weight
create_tensor: loading tensor blk.17.attn_norm.weight
create_tensor: loading tensor blk.17.attn_qkv.weight
create_tensor: loading tensor blk.17.attn_q.weight
create_tensor: loading tensor blk.17.attn_k.weight
create_tensor: loading tensor blk.17.attn_v.weight
create_tensor: loading tensor blk.17.attn_q.bias
create_tensor: loading tensor blk.17.attn_k.bias
create_tensor: loading tensor blk.17.attn_v.bias
create_tensor: loading tensor blk.17.attn_output.weight
create_tensor: loading tensor blk.17.attn_k_norm.weight
create_tensor: loading tensor blk.17.attn_q_norm.weight
create_tensor: loading tensor blk.17.ffn_norm.weight
create_tensor: loading tensor blk.17.ffn_gate.weight
create_tensor: loading tensor blk.17.ffn_down.weight
create_tensor: loading tensor blk.17.ffn_up.weight
create_tensor: loading tensor blk.18.attn_norm.weight
create_tensor: loading tensor blk.18.attn_qkv.weight
create_tensor: loading tensor blk.18.attn_q.weight
create_tensor: loading tensor blk.18.attn_k.weight
create_tensor: loading tensor blk.18.attn_v.weight
create_tensor: loading tensor blk.18.attn_q.bias
create_tensor: loading tensor blk.18.attn_k.bias
create_tensor: loading tensor blk.18.attn_v.bias
create_tensor: loading tensor blk.18.attn_output.weight
create_tensor: loading tensor blk.18.attn_k_norm.weight
create_tensor: loading tensor blk.18.attn_q_norm.weight
create_tensor: loading tensor blk.18.ffn_norm.weight
create_tensor: loading tensor blk.18.ffn_gate.weight
create_tensor: loading tensor blk.18.ffn_down.weight
create_tensor: loading tensor blk.18.ffn_up.weight
create_tensor: loading tensor blk.19.attn_norm.weight
create_tensor: loading tensor blk.19.attn_qkv.weight
create_tensor: loading tensor blk.19.attn_q.weight
create_tensor: loading tensor blk.19.attn_k.weight
create_tensor: loading tensor blk.19.attn_v.weight
create_tensor: loading tensor blk.19.attn_q.bias
create_tensor: loading tensor blk.19.attn_k.bias
create_tensor: loading tensor blk.19.attn_v.bias
create_tensor: loading tensor blk.19.attn_output.weight
create_tensor: loading tensor blk.19.attn_k_norm.weight
create_tensor: loading tensor blk.19.attn_q_norm.weight
create_tensor: loading tensor blk.19.ffn_norm.weight
create_tensor: loading tensor blk.19.ffn_gate.weight
create_tensor: loading tensor blk.19.ffn_down.weight
create_tensor: loading tensor blk.19.ffn_up.weight
create_tensor: loading tensor blk.20.attn_norm.weight
create_tensor: loading tensor blk.20.attn_qkv.weight
create_tensor: loading tensor blk.20.attn_q.weight
create_tensor: loading tensor blk.20.attn_k.weight
create_tensor: loading tensor blk.20.attn_v.weight
create_tensor: loading tensor blk.20.attn_q.bias
create_tensor: loading tensor blk.20.attn_k.bias
create_tensor: loading tensor blk.20.attn_v.bias
create_tensor: loading tensor blk.20.attn_output.weight
create_tensor: loading tensor blk.20.attn_k_norm.weight
create_tensor: loading tensor blk.20.attn_q_norm.weight
create_tensor: loading tensor blk.20.ffn_norm.weight
create_tensor: loading tensor blk.20.ffn_gate.weight
create_tensor: loading tensor blk.20.ffn_down.weight
create_tensor: loading tensor blk.20.ffn_up.weight
create_tensor: loading tensor blk.21.attn_norm.weight
create_tensor: loading tensor blk.21.attn_qkv.weight
create_tensor: loading tensor blk.21.attn_q.weight
create_tensor: loading tensor blk.21.attn_k.weight
create_tensor: loading tensor blk.21.attn_v.weight
create_tensor: loading tensor blk.21.attn_q.bias
create_tensor: loading tensor blk.21.attn_k.bias
create_tensor: loading tensor blk.21.attn_v.bias
create_tensor: loading tensor blk.21.attn_output.weight
create_tensor: loading tensor blk.21.attn_k_norm.weight
create_tensor: loading tensor blk.21.attn_q_norm.weight
create_tensor: loading tensor blk.21.ffn_norm.weight
create_tensor: loading tensor blk.21.ffn_gate.weight
create_tensor: loading tensor blk.21.ffn_down.weight
create_tensor: loading tensor blk.21.ffn_up.weight
create_tensor: loading tensor blk.22.attn_norm.weight
create_tensor: loading tensor blk.22.attn_qkv.weight
create_tensor: loading tensor blk.22.attn_q.weight
create_tensor: loading tensor blk.22.attn_k.weight
create_tensor: loading tensor blk.22.attn_v.weight
create_tensor: loading tensor blk.22.attn_q.bias
create_tensor: loading tensor blk.22.attn_k.bias
create_tensor: loading tensor blk.22.attn_v.bias
create_tensor: loading tensor blk.22.attn_output.weight
create_tensor: loading tensor blk.22.attn_k_norm.weight
create_tensor: loading tensor blk.22.attn_q_norm.weight
create_tensor: loading tensor blk.22.ffn_norm.weight
create_tensor: loading tensor blk.22.ffn_gate.weight
create_tensor: loading tensor blk.22.ffn_down.weight
create_tensor: loading tensor blk.22.ffn_up.weight
create_tensor: loading tensor blk.23.attn_norm.weight
create_tensor: loading tensor blk.23.attn_qkv.weight
create_tensor: loading tensor blk.23.attn_q.weight
create_tensor: loading tensor blk.23.attn_k.weight
create_tensor: loading tensor blk.23.attn_v.weight
create_tensor: loading tensor blk.23.attn_q.bias
create_tensor: loading tensor blk.23.attn_k.bias
create_tensor: loading tensor blk.23.attn_v.bias
create_tensor: loading tensor blk.23.attn_output.weight
create_tensor: loading tensor blk.23.attn_k_norm.weight
create_tensor: loading tensor blk.23.attn_q_norm.weight
create_tensor: loading tensor blk.23.ffn_norm.weight
create_tensor: loading tensor blk.23.ffn_gate.weight
create_tensor: loading tensor blk.23.ffn_down.weight
create_tensor: loading tensor blk.23.ffn_up.weight
create_tensor: loading tensor blk.24.attn_norm.weight
create_tensor: loading tensor blk.24.attn_qkv.weight
create_tensor: loading tensor blk.24.attn_q.weight
create_tensor: loading tensor blk.24.attn_k.weight
create_tensor: loading tensor blk.24.attn_v.weight
create_tensor: loading tensor blk.24.attn_q.bias
create_tensor: loading tensor blk.24.attn_k.bias
create_tensor: loading tensor blk.24.attn_v.bias
create_tensor: loading tensor blk.24.attn_output.weight
create_tensor: loading tensor blk.24.attn_k_norm.weight
create_tensor: loading tensor blk.24.attn_q_norm.weight
create_tensor: loading tensor blk.24.ffn_norm.weight
create_tensor: loading tensor blk.24.ffn_gate.weight
create_tensor: loading tensor blk.24.ffn_down.weight
create_tensor: loading tensor blk.24.ffn_up.weight
create_tensor: loading tensor blk.25.attn_norm.weight
create_tensor: loading tensor blk.25.attn_qkv.weight
create_tensor: loading tensor blk.25.attn_q.weight
create_tensor: loading tensor blk.25.attn_k.weight
create_tensor: loading tensor blk.25.attn_v.weight
create_tensor: loading tensor blk.25.attn_q.bias
create_tensor: loading tensor blk.25.attn_k.bias
create_tensor: loading tensor blk.25.attn_v.bias
create_tensor: loading tensor blk.25.attn_output.weight
create_tensor: loading tensor blk.25.attn_k_norm.weight
create_tensor: loading tensor blk.25.attn_q_norm.weight
create_tensor: loading tensor blk.25.ffn_norm.weight
create_tensor: loading tensor blk.25.ffn_gate.weight
create_tensor: loading tensor blk.25.ffn_down.weight
create_tensor: loading tensor blk.25.ffn_up.weight
create_tensor: loading tensor blk.26.attn_norm.weight
create_tensor: loading tensor blk.26.attn_qkv.weight
create_tensor: loading tensor blk.26.attn_q.weight
create_tensor: loading tensor blk.26.attn_k.weight
create_tensor: loading tensor blk.26.attn_v.weight
create_tensor: loading tensor blk.26.attn_q.bias
create_tensor: loading tensor blk.26.attn_k.bias
create_tensor: loading tensor blk.26.attn_v.bias
create_tensor: loading tensor blk.26.attn_output.weight
create_tensor: loading tensor blk.26.attn_k_norm.weight
create_tensor: loading tensor blk.26.attn_q_norm.weight
create_tensor: loading tensor blk.26.ffn_norm.weight
create_tensor: loading tensor blk.26.ffn_gate.weight
create_tensor: loading tensor blk.26.ffn_down.weight
create_tensor: loading tensor blk.26.ffn_up.weight
create_tensor: loading tensor blk.27.attn_norm.weight
create_tensor: loading tensor blk.27.attn_qkv.weight
create_tensor: loading tensor blk.27.attn_q.weight
create_tensor: loading tensor blk.27.attn_k.weight
create_tensor: loading tensor blk.27.attn_v.weight
create_tensor: loading tensor blk.27.attn_q.bias
create_tensor: loading tensor blk.27.attn_k.bias
create_tensor: loading tensor blk.27.attn_v.bias
create_tensor: loading tensor blk.27.attn_output.weight
create_tensor: loading tensor blk.27.attn_k_norm.weight
create_tensor: loading tensor blk.27.attn_q_norm.weight
create_tensor: loading tensor blk.27.ffn_norm.weight
create_tensor: loading tensor blk.27.ffn_gate.weight
create_tensor: loading tensor blk.27.ffn_down.weight
create_tensor: loading tensor blk.27.ffn_up.weight
create_tensor: loading tensor blk.28.attn_norm.weight
create_tensor: loading tensor blk.28.attn_qkv.weight
create_tensor: loading tensor blk.28.attn_q.weight
create_tensor: loading tensor blk.28.attn_k.weight
create_tensor: loading tensor blk.28.attn_v.weight
create_tensor: loading tensor blk.28.attn_q.bias
create_tensor: loading tensor blk.28.attn_k.bias
create_tensor: loading tensor blk.28.attn_v.bias
create_tensor: loading tensor blk.28.attn_output.weight
create_tensor: loading tensor blk.28.attn_k_norm.weight
create_tensor: loading tensor blk.28.attn_q_norm.weight
create_tensor: loading tensor blk.28.ffn_norm.weight
create_tensor: loading tensor blk.28.ffn_gate.weight
create_tensor: loading tensor blk.28.ffn_down.weight
create_tensor: loading tensor blk.28.ffn_up.weight
create_tensor: loading tensor blk.29.attn_norm.weight
create_tensor: loading tensor blk.29.attn_qkv.weight
create_tensor: loading tensor blk.29.attn_q.weight
create_tensor: loading tensor blk.29.attn_k.weight
create_tensor: loading tensor blk.29.attn_v.weight
create_tensor: loading tensor blk.29.attn_q.bias
create_tensor: loading tensor blk.29.attn_k.bias
create_tensor: loading tensor blk.29.attn_v.bias
create_tensor: loading tensor blk.29.attn_output.weight
create_tensor: loading tensor blk.29.attn_k_norm.weight
create_tensor: loading tensor blk.29.attn_q_norm.weight
create_tensor: loading tensor blk.29.ffn_norm.weight
create_tensor: loading tensor blk.29.ffn_gate.weight
create_tensor: loading tensor blk.29.ffn_down.weight
create_tensor: loading tensor blk.29.ffn_up.weight
create_tensor: loading tensor blk.30.attn_norm.weight
create_tensor: loading tensor blk.30.attn_qkv.weight
create_tensor: loading tensor blk.30.attn_q.weight
create_tensor: loading tensor blk.30.attn_k.weight
create_tensor: loading tensor blk.30.attn_v.weight
create_tensor: loading tensor blk.30.attn_q.bias
create_tensor: loading tensor blk.30.attn_k.bias
create_tensor: loading tensor blk.30.attn_v.bias
create_tensor: loading tensor blk.30.attn_output.weight
create_tensor: loading tensor blk.30.attn_k_norm.weight
create_tensor: loading tensor blk.30.attn_q_norm.weight
create_tensor: loading tensor blk.30.ffn_norm.weight
create_tensor: loading tensor blk.30.ffn_gate.weight
create_tensor: loading tensor blk.30.ffn_down.weight
create_tensor: loading tensor blk.30.ffn_up.weight
create_tensor: loading tensor blk.31.attn_norm.weight
create_tensor: loading tensor blk.31.attn_qkv.weight
create_tensor: loading tensor blk.31.attn_q.weight
create_tensor: loading tensor blk.31.attn_k.weight
create_tensor: loading tensor blk.31.attn_v.weight
create_tensor: loading tensor blk.31.attn_q.bias
create_tensor: loading tensor blk.31.attn_k.bias
create_tensor: loading tensor blk.31.attn_v.bias
create_tensor: loading tensor blk.31.attn_output.weight
create_tensor: loading tensor blk.31.attn_k_norm.weight
create_tensor: loading tensor blk.31.attn_q_norm.weight
create_tensor: loading tensor blk.31.ffn_norm.weight
create_tensor: loading tensor blk.31.ffn_gate.weight
create_tensor: loading tensor blk.31.ffn_down.weight
create_tensor: loading tensor blk.31.ffn_up.weight
create_tensor: loading tensor blk.0.attn_q.scale
create_tensor: loading tensor blk.0.attn_k.scale
create_tensor: loading tensor blk.0.attn_v.scale
create_tensor: loading tensor blk.0.attn_output.scale
create_tensor: loading tensor blk.0.ffn_gate.scale
create_tensor: loading tensor blk.0.ffn_down.scale
create_tensor: loading tensor blk.0.ffn_up.scale
create_tensor: loading tensor blk.0.attn_q.input_scale
create_tensor: loading tensor blk.0.attn_k.input_scale
create_tensor: loading tensor blk.0.attn_v.input_scale
create_tensor: loading tensor blk.0.attn_output.input_scale
create_tensor: loading tensor blk.0.ffn_gate.input_scale
create_tensor: loading tensor blk.0.ffn_down.input_scale
create_tensor: loading tensor blk.0.ffn_up.input_scale
create_tensor: loading tensor blk.1.attn_q.scale
create_tensor: loading tensor blk.1.attn_k.scale
create_tensor: loading tensor blk.1.attn_v.scale
create_tensor: loading tensor blk.1.attn_output.scale
create_tensor: loading tensor blk.1.ffn_gate.scale
create_tensor: loading tensor blk.1.ffn_down.scale
create_tensor: loading tensor blk.1.ffn_up.scale
create_tensor: loading tensor blk.1.attn_q.input_scale
create_tensor: loading tensor blk.1.attn_k.input_scale
create_tensor: loading tensor blk.1.attn_v.input_scale
create_tensor: loading tensor blk.1.attn_output.input_scale
create_tensor: loading tensor blk.1.ffn_gate.input_scale
create_tensor: loading tensor blk.1.ffn_down.input_scale
create_tensor: loading tensor blk.1.ffn_up.input_scale
create_tensor: loading tensor blk.2.attn_q.scale
create_tensor: loading tensor blk.2.attn_k.scale
create_tensor: loading tensor blk.2.attn_v.scale
create_tensor: loading tensor blk.2.attn_output.scale
create_tensor: loading tensor blk.2.ffn_gate.scale
create_tensor: loading tensor blk.2.ffn_down.scale
create_tensor: loading tensor blk.2.ffn_up.scale
create_tensor: loading tensor blk.2.attn_q.input_scale
create_tensor: loading tensor blk.2.attn_k.input_scale
create_tensor: loading tensor blk.2.attn_v.input_scale
create_tensor: loading tensor blk.2.attn_output.input_scale
create_tensor: loading tensor blk.2.ffn_gate.input_scale
create_tensor: loading tensor blk.2.ffn_down.input_scale
create_tensor: loading tensor blk.2.ffn_up.input_scale
create_tensor: loading tensor blk.3.attn_q.scale
create_tensor: loading tensor blk.3.attn_k.scale
create_tensor: loading tensor blk.3.attn_v.scale
create_tensor: loading tensor blk.3.attn_output.scale
create_tensor: loading tensor blk.3.ffn_gate.scale
create_tensor: loading tensor blk.3.ffn_down.scale
create_tensor: loading tensor blk.3.ffn_up.scale
create_tensor: loading tensor blk.3.attn_q.input_scale
create_tensor: loading tensor blk.3.attn_k.input_scale
create_tensor: loading tensor blk.3.attn_v.input_scale
create_tensor: loading tensor blk.3.attn_output.input_scale
create_tensor: loading tensor blk.3.ffn_gate.input_scale
create_tensor: loading tensor blk.3.ffn_down.input_scale
create_tensor: loading tensor blk.3.ffn_up.input_scale
create_tensor: loading tensor blk.4.attn_q.scale
create_tensor: loading tensor blk.4.attn_k.scale
create_tensor: loading tensor blk.4.attn_v.scale
create_tensor: loading tensor blk.4.attn_output.scale
create_tensor: loading tensor blk.4.ffn_gate.scale
create_tensor: loading tensor blk.4.ffn_down.scale
create_tensor: loading tensor blk.4.ffn_up.scale
create_tensor: loading tensor blk.4.attn_q.input_scale
create_tensor: loading tensor blk.4.attn_k.input_scale
create_tensor: loading tensor blk.4.attn_v.input_scale
create_tensor: loading tensor blk.4.attn_output.input_scale
create_tensor: loading tensor blk.4.ffn_gate.input_scale
create_tensor: loading tensor blk.4.ffn_down.input_scale
create_tensor: loading tensor blk.4.ffn_up.input_scale
create_tensor: loading tensor blk.5.attn_q.scale
create_tensor: loading tensor blk.5.attn_k.scale
create_tensor: loading tensor blk.5.attn_v.scale
create_tensor: loading tensor blk.5.attn_output.scale
create_tensor: loading tensor blk.5.ffn_gate.scale
create_tensor: loading tensor blk.5.ffn_down.scale
create_tensor: loading tensor blk.5.ffn_up.scale
create_tensor: loading tensor blk.5.attn_q.input_scale
create_tensor: loading tensor blk.5.attn_k.input_scale
create_tensor: loading tensor blk.5.attn_v.input_scale
create_tensor: loading tensor blk.5.attn_output.input_scale
create_tensor: loading tensor blk.5.ffn_gate.input_scale
create_tensor: loading tensor blk.5.ffn_down.input_scale
create_tensor: loading tensor blk.5.ffn_up.input_scale
create_tensor: loading tensor blk.6.attn_q.scale
create_tensor: loading tensor blk.6.attn_k.scale
create_tensor: loading tensor blk.6.attn_v.scale
create_tensor: loading tensor blk.6.attn_output.scale
create_tensor: loading tensor blk.6.ffn_gate.scale
create_tensor: loading tensor blk.6.ffn_down.scale
create_tensor: loading tensor blk.6.ffn_up.scale
create_tensor: loading tensor blk.6.attn_q.input_scale
create_tensor: loading tensor blk.6.attn_k.input_scale
create_tensor: loading tensor blk.6.attn_v.input_scale
create_tensor: loading tensor blk.6.attn_output.input_scale
create_tensor: loading tensor blk.6.ffn_gate.input_scale
create_tensor: loading tensor blk.6.ffn_down.input_scale
create_tensor: loading tensor blk.6.ffn_up.input_scale
create_tensor: loading tensor blk.7.attn_q.scale
create_tensor: loading tensor blk.7.attn_k.scale
create_tensor: loading tensor blk.7.attn_v.scale
create_tensor: loading tensor blk.7.attn_output.scale
create_tensor: loading tensor blk.7.ffn_gate.scale
create_tensor: loading tensor blk.7.ffn_down.scale
create_tensor: loading tensor blk.7.ffn_up.scale
create_tensor: loading tensor blk.7.attn_q.input_scale
create_tensor: loading tensor blk.7.attn_k.input_scale
create_tensor: loading tensor blk.7.attn_v.input_scale
create_tensor: loading tensor blk.7.attn_output.input_scale
create_tensor: loading tensor blk.7.ffn_gate.input_scale
create_tensor: loading tensor blk.7.ffn_down.input_scale
create_tensor: loading tensor blk.7.ffn_up.input_scale
create_tensor: loading tensor blk.8.attn_q.scale
create_tensor: loading tensor blk.8.attn_k.scale
create_tensor: loading tensor blk.8.attn_v.scale
create_tensor: loading tensor blk.8.attn_output.scale
create_tensor: loading tensor blk.8.ffn_gate.scale
create_tensor: loading tensor blk.8.ffn_down.scale
create_tensor: loading tensor blk.8.ffn_up.scale
create_tensor: loading tensor blk.8.attn_q.input_scale
create_tensor: loading tensor blk.8.attn_k.input_scale
create_tensor: loading tensor blk.8.attn_v.input_scale
create_tensor: loading tensor blk.8.attn_output.input_scale
create_tensor: loading tensor blk.8.ffn_gate.input_scale
create_tensor: loading tensor blk.8.ffn_down.input_scale
create_tensor: loading tensor blk.8.ffn_up.input_scale
create_tensor: loading tensor blk.9.attn_q.scale
create_tensor: loading tensor blk.9.attn_k.scale
create_tensor: loading tensor blk.9.attn_v.scale
create_tensor: loading tensor blk.9.attn_output.scale
create_tensor: loading tensor blk.9.ffn_gate.scale
create_tensor: loading tensor blk.9.ffn_down.scale
create_tensor: loading tensor blk.9.ffn_up.scale
create_tensor: loading tensor blk.9.attn_q.input_scale
create_tensor: loading tensor blk.9.attn_k.input_scale
create_tensor: loading tensor blk.9.attn_v.input_scale
create_tensor: loading tensor blk.9.attn_output.input_scale
create_tensor: loading tensor blk.9.ffn_gate.input_scale
create_tensor: loading tensor blk.9.ffn_down.input_scale
create_tensor: loading tensor blk.9.ffn_up.input_scale
create_tensor: loading tensor blk.10.attn_q.scale
create_tensor: loading tensor blk.10.attn_k.scale
create_tensor: loading tensor blk.10.attn_v.scale
create_tensor: loading tensor blk.10.attn_output.scale
create_tensor: loading tensor blk.10.ffn_gate.scale
create_tensor: loading tensor blk.10.ffn_down.scale
create_tensor: loading tensor blk.10.ffn_up.scale
create_tensor: loading tensor blk.10.attn_q.input_scale
create_tensor: loading tensor blk.10.attn_k.input_scale
create_tensor: loading tensor blk.10.attn_v.input_scale
create_tensor: loading tensor blk.10.attn_output.input_scale
create_tensor: loading tensor blk.10.ffn_gate.input_scale
create_tensor: loading tensor blk.10.ffn_down.input_scale
create_tensor: loading tensor blk.10.ffn_up.input_scale
create_tensor: loading tensor blk.11.attn_q.scale
create_tensor: loading tensor blk.11.attn_k.scale
create_tensor: loading tensor blk.11.attn_v.scale
create_tensor: loading tensor blk.11.attn_output.scale
create_tensor: loading tensor blk.11.ffn_gate.scale
create_tensor: loading tensor blk.11.ffn_down.scale
create_tensor: loading tensor blk.11.ffn_up.scale
create_tensor: loading tensor blk.11.attn_q.input_scale
create_tensor: loading tensor blk.11.attn_k.input_scale
create_tensor: loading tensor blk.11.attn_v.input_scale
create_tensor: loading tensor blk.11.attn_output.input_scale
create_tensor: loading tensor blk.11.ffn_gate.input_scale
create_tensor: loading tensor blk.11.ffn_down.input_scale
create_tensor: loading tensor blk.11.ffn_up.input_scale
create_tensor: loading tensor blk.12.attn_q.scale
create_tensor: loading tensor blk.12.attn_k.scale
create_tensor: loading tensor blk.12.attn_v.scale
create_tensor: loading tensor blk.12.attn_output.scale
create_tensor: loading tensor blk.12.ffn_gate.scale
create_tensor: loading tensor blk.12.ffn_down.scale
create_tensor: loading tensor blk.12.ffn_up.scale
create_tensor: loading tensor blk.12.attn_q.input_scale
create_tensor: loading tensor blk.12.attn_k.input_scale
create_tensor: loading tensor blk.12.attn_v.input_scale
create_tensor: loading tensor blk.12.attn_output.input_scale
create_tensor: loading tensor blk.12.ffn_gate.input_scale
create_tensor: loading tensor blk.12.ffn_down.input_scale
create_tensor: loading tensor blk.12.ffn_up.input_scale
create_tensor: loading tensor blk.13.attn_q.scale
create_tensor: loading tensor blk.13.attn_k.scale
create_tensor: loading tensor blk.13.attn_v.scale
create_tensor: loading tensor blk.13.attn_output.scale
create_tensor: loading tensor blk.13.ffn_gate.scale
create_tensor: loading tensor blk.13.ffn_down.scale
create_tensor: loading tensor blk.13.ffn_up.scale
create_tensor: loading tensor blk.13.attn_q.input_scale
create_tensor: loading tensor blk.13.attn_k.input_scale
create_tensor: loading tensor blk.13.attn_v.input_scale
create_tensor: loading tensor blk.13.attn_output.input_scale
create_tensor: loading tensor blk.13.ffn_gate.input_scale
create_tensor: loading tensor blk.13.ffn_down.input_scale
create_tensor: loading tensor blk.13.ffn_up.input_scale
create_tensor: loading tensor blk.14.attn_q.scale
create_tensor: loading tensor blk.14.attn_k.scale
create_tensor: loading tensor blk.14.attn_v.scale
create_tensor: loading tensor blk.14.attn_output.scale
create_tensor: loading tensor blk.14.ffn_gate.scale
create_tensor: loading tensor blk.14.ffn_down.scale
create_tensor: loading tensor blk.14.ffn_up.scale
create_tensor: loading tensor blk.14.attn_q.input_scale
create_tensor: loading tensor blk.14.attn_k.input_scale
create_tensor: loading tensor blk.14.attn_v.input_scale
create_tensor: loading tensor blk.14.attn_output.input_scale
create_tensor: loading tensor blk.14.ffn_gate.input_scale
create_tensor: loading tensor blk.14.ffn_down.input_scale
create_tensor: loading tensor blk.14.ffn_up.input_scale
create_tensor: loading tensor blk.15.attn_q.scale
create_tensor: loading tensor blk.15.attn_k.scale
create_tensor: loading tensor blk.15.attn_v.scale
create_tensor: loading tensor blk.15.attn_output.scale
create_tensor: loading tensor blk.15.ffn_gate.scale
create_tensor: loading tensor blk.15.ffn_down.scale
create_tensor: loading tensor blk.15.ffn_up.scale
create_tensor: loading tensor blk.15.attn_q.input_scale
create_tensor: loading tensor blk.15.attn_k.input_scale
create_tensor: loading tensor blk.15.attn_v.input_scale
create_tensor: loading tensor blk.15.attn_output.input_scale
create_tensor: loading tensor blk.15.ffn_gate.input_scale
create_tensor: loading tensor blk.15.ffn_down.input_scale
create_tensor: loading tensor blk.15.ffn_up.input_scale
create_tensor: loading tensor blk.16.attn_q.scale
create_tensor: loading tensor blk.16.attn_k.scale
create_tensor: loading tensor blk.16.attn_v.scale
create_tensor: loading tensor blk.16.attn_output.scale
create_tensor: loading tensor blk.16.ffn_gate.scale
create_tensor: loading tensor blk.16.ffn_down.scale
create_tensor: loading tensor blk.16.ffn_up.scale
create_tensor: loading tensor blk.16.attn_q.input_scale
create_tensor: loading tensor blk.16.attn_k.input_scale
create_tensor: loading tensor blk.16.attn_v.input_scale
create_tensor: loading tensor blk.16.attn_output.input_scale
create_tensor: loading tensor blk.16.ffn_gate.input_scale
create_tensor: loading tensor blk.16.ffn_down.input_scale
create_tensor: loading tensor blk.16.ffn_up.input_scale
create_tensor: loading tensor blk.17.attn_q.scale
create_tensor: loading tensor blk.17.attn_k.scale
create_tensor: loading tensor blk.17.attn_v.scale
create_tensor: loading tensor blk.17.attn_output.scale
create_tensor: loading tensor blk.17.ffn_gate.scale
create_tensor: loading tensor blk.17.ffn_down.scale
create_tensor: loading tensor blk.17.ffn_up.scale
create_tensor: loading tensor blk.17.attn_q.input_scale
create_tensor: loading tensor blk.17.attn_k.input_scale
create_tensor: loading tensor blk.17.attn_v.input_scale
create_tensor: loading tensor blk.17.attn_output.input_scale
create_tensor: loading tensor blk.17.ffn_gate.input_scale
create_tensor: loading tensor blk.17.ffn_down.input_scale
create_tensor: loading tensor blk.17.ffn_up.input_scale
create_tensor: loading tensor blk.18.attn_q.scale
create_tensor: loading tensor blk.18.attn_k.scale
create_tensor: loading tensor blk.18.attn_v.scale
create_tensor: loading tensor blk.18.attn_output.scale
create_tensor: loading tensor blk.18.ffn_gate.scale
create_tensor: loading tensor blk.18.ffn_down.scale
create_tensor: loading tensor blk.18.ffn_up.scale
create_tensor: loading tensor blk.18.attn_q.input_scale
create_tensor: loading tensor blk.18.attn_k.input_scale
create_tensor: loading tensor blk.18.attn_v.input_scale
create_tensor: loading tensor blk.18.attn_output.input_scale
create_tensor: loading tensor blk.18.ffn_gate.input_scale
create_tensor: loading tensor blk.18.ffn_down.input_scale
create_tensor: loading tensor blk.18.ffn_up.input_scale
create_tensor: loading tensor blk.19.attn_q.scale
create_tensor: loading tensor blk.19.attn_k.scale
create_tensor: loading tensor blk.19.attn_v.scale
create_tensor: loading tensor blk.19.attn_output.scale
create_tensor: loading tensor blk.19.ffn_gate.scale
create_tensor: loading tensor blk.19.ffn_down.scale
create_tensor: loading tensor blk.19.ffn_up.scale
create_tensor: loading tensor blk.19.attn_q.input_scale
create_tensor: loading tensor blk.19.attn_k.input_scale
create_tensor: loading tensor blk.19.attn_v.input_scale
create_tensor: loading tensor blk.19.attn_output.input_scale
create_tensor: loading tensor blk.19.ffn_gate.input_scale
create_tensor: loading tensor blk.19.ffn_down.input_scale
create_tensor: loading tensor blk.19.ffn_up.input_scale
create_tensor: loading tensor blk.20.attn_q.scale
create_tensor: loading tensor blk.20.attn_k.scale
create_tensor: loading tensor blk.20.attn_v.scale
create_tensor: loading tensor blk.20.attn_output.scale
create_tensor: loading tensor blk.20.ffn_gate.scale
create_tensor: loading tensor blk.20.ffn_down.scale
create_tensor: loading tensor blk.20.ffn_up.scale
create_tensor: loading tensor blk.20.attn_q.input_scale
create_tensor: loading tensor blk.20.attn_k.input_scale
create_tensor: loading tensor blk.20.attn_v.input_scale
create_tensor: loading tensor blk.20.attn_output.input_scale
create_tensor: loading tensor blk.20.ffn_gate.input_scale
create_tensor: loading tensor blk.20.ffn_down.input_scale
create_tensor: loading tensor blk.20.ffn_up.input_scale
create_tensor: loading tensor blk.21.attn_q.scale
create_tensor: loading tensor blk.21.attn_k.scale
create_tensor: loading tensor blk.21.attn_v.scale
create_tensor: loading tensor blk.21.attn_output.scale
create_tensor: loading tensor blk.21.ffn_gate.scale
create_tensor: loading tensor blk.21.ffn_down.scale
create_tensor: loading tensor blk.21.ffn_up.scale
create_tensor: loading tensor blk.21.attn_q.input_scale
create_tensor: loading tensor blk.21.attn_k.input_scale
create_tensor: loading tensor blk.21.attn_v.input_scale
create_tensor: loading tensor blk.21.attn_output.input_scale
create_tensor: loading tensor blk.21.ffn_gate.input_scale
create_tensor: loading tensor blk.21.ffn_down.input_scale
create_tensor: loading tensor blk.21.ffn_up.input_scale
create_tensor: loading tensor blk.22.attn_q.scale
create_tensor: loading tensor blk.22.attn_k.scale
create_tensor: loading tensor blk.22.attn_v.scale
create_tensor: loading tensor blk.22.attn_output.scale
create_tensor: loading tensor blk.22.ffn_gate.scale
create_tensor: loading tensor blk.22.ffn_down.scale
create_tensor: loading tensor blk.22.ffn_up.scale
create_tensor: loading tensor blk.22.attn_q.input_scale
create_tensor: loading tensor blk.22.attn_k.input_scale
create_tensor: loading tensor blk.22.attn_v.input_scale
create_tensor: loading tensor blk.22.attn_output.input_scale
create_tensor: loading tensor blk.22.ffn_gate.input_scale
create_tensor: loading tensor blk.22.ffn_down.input_scale
create_tensor: loading tensor blk.22.ffn_up.input_scale
create_tensor: loading tensor blk.23.attn_q.scale
create_tensor: loading tensor blk.23.attn_k.scale
create_tensor: loading tensor blk.23.attn_v.scale
create_tensor: loading tensor blk.23.attn_output.scale
create_tensor: loading tensor blk.23.ffn_gate.scale
create_tensor: loading tensor blk.23.ffn_down.scale
create_tensor: loading tensor blk.23.ffn_up.scale
create_tensor: loading tensor blk.23.attn_q.input_scale
create_tensor: loading tensor blk.23.attn_k.input_scale
create_tensor: loading tensor blk.23.attn_v.input_scale
create_tensor: loading tensor blk.23.attn_output.input_scale
create_tensor: loading tensor blk.23.ffn_gate.input_scale
create_tensor: loading tensor blk.23.ffn_down.input_scale
create_tensor: loading tensor blk.23.ffn_up.input_scale
create_tensor: loading tensor blk.24.attn_q.scale
create_tensor: loading tensor blk.24.attn_k.scale
create_tensor: loading tensor blk.24.attn_v.scale
create_tensor: loading tensor blk.24.attn_output.scale
create_tensor: loading tensor blk.24.ffn_gate.scale
create_tensor: loading tensor blk.24.ffn_down.scale
create_tensor: loading tensor blk.24.ffn_up.scale
create_tensor: loading tensor blk.24.attn_q.input_scale
create_tensor: loading tensor blk.24.attn_k.input_scale
create_tensor: loading tensor blk.24.attn_v.input_scale
create_tensor: loading tensor blk.24.attn_output.input_scale
create_tensor: loading tensor blk.24.ffn_gate.input_scale
create_tensor: loading tensor blk.24.ffn_down.input_scale
create_tensor: loading tensor blk.24.ffn_up.input_scale
create_tensor: loading tensor blk.25.attn_q.scale
create_tensor: loading tensor blk.25.attn_k.scale
create_tensor: loading tensor blk.25.attn_v.scale
create_tensor: loading tensor blk.25.attn_output.scale
create_tensor: loading tensor blk.25.ffn_gate.scale
create_tensor: loading tensor blk.25.ffn_down.scale
create_tensor: loading tensor blk.25.ffn_up.scale
create_tensor: loading tensor blk.25.attn_q.input_scale
create_tensor: loading tensor blk.25.attn_k.input_scale
create_tensor: loading tensor blk.25.attn_v.input_scale
create_tensor: loading tensor blk.25.attn_output.input_scale
create_tensor: loading tensor blk.25.ffn_gate.input_scale
create_tensor: loading tensor blk.25.ffn_down.input_scale
create_tensor: loading tensor blk.25.ffn_up.input_scale
create_tensor: loading tensor blk.26.attn_q.scale
create_tensor: loading tensor blk.26.attn_k.scale
create_tensor: loading tensor blk.26.attn_v.scale
create_tensor: loading tensor blk.26.attn_output.scale
create_tensor: loading tensor blk.26.ffn_gate.scale
create_tensor: loading tensor blk.26.ffn_down.scale
create_tensor: loading tensor blk.26.ffn_up.scale
create_tensor: loading tensor blk.26.attn_q.input_scale
create_tensor: loading tensor blk.26.attn_k.input_scale
create_tensor: loading tensor blk.26.attn_v.input_scale
create_tensor: loading tensor blk.26.attn_output.input_scale
create_tensor: loading tensor blk.26.ffn_gate.input_scale
create_tensor: loading tensor blk.26.ffn_down.input_scale
create_tensor: loading tensor blk.26.ffn_up.input_scale
create_tensor: loading tensor blk.27.attn_q.scale
create_tensor: loading tensor blk.27.attn_k.scale
create_tensor: loading tensor blk.27.attn_v.scale
create_tensor: loading tensor blk.27.attn_output.scale
create_tensor: loading tensor blk.27.ffn_gate.scale
create_tensor: loading tensor blk.27.ffn_down.scale
create_tensor: loading tensor blk.27.ffn_up.scale
create_tensor: loading tensor blk.27.attn_q.input_scale
create_tensor: loading tensor blk.27.attn_k.input_scale
create_tensor: loading tensor blk.27.attn_v.input_scale
create_tensor: loading tensor blk.27.attn_output.input_scale
create_tensor: loading tensor blk.27.ffn_gate.input_scale
create_tensor: loading tensor blk.27.ffn_down.input_scale
create_tensor: loading tensor blk.27.ffn_up.input_scale
create_tensor: loading tensor blk.28.attn_q.scale
create_tensor: loading tensor blk.28.attn_k.scale
create_tensor: loading tensor blk.28.attn_v.scale
create_tensor: loading tensor blk.28.attn_output.scale
create_tensor: loading tensor blk.28.ffn_gate.scale
create_tensor: loading tensor blk.28.ffn_down.scale
create_tensor: loading tensor blk.28.ffn_up.scale
create_tensor: loading tensor blk.28.attn_q.input_scale
create_tensor: loading tensor blk.28.attn_k.input_scale
create_tensor: loading tensor blk.28.attn_v.input_scale
create_tensor: loading tensor blk.28.attn_output.input_scale
create_tensor: loading tensor blk.28.ffn_gate.input_scale
create_tensor: loading tensor blk.28.ffn_down.input_scale
create_tensor: loading tensor blk.28.ffn_up.input_scale
create_tensor: loading tensor blk.29.attn_q.scale
create_tensor: loading tensor blk.29.attn_k.scale
create_tensor: loading tensor blk.29.attn_v.scale
create_tensor: loading tensor blk.29.attn_output.scale
create_tensor: loading tensor blk.29.ffn_gate.scale
create_tensor: loading tensor blk.29.ffn_down.scale
create_tensor: loading tensor blk.29.ffn_up.scale
create_tensor: loading tensor blk.29.attn_q.input_scale
create_tensor: loading tensor blk.29.attn_k.input_scale
create_tensor: loading tensor blk.29.attn_v.input_scale
create_tensor: loading tensor blk.29.attn_output.input_scale
create_tensor: loading tensor blk.29.ffn_gate.input_scale
create_tensor: loading tensor blk.29.ffn_down.input_scale
create_tensor: loading tensor blk.29.ffn_up.input_scale
create_tensor: loading tensor blk.30.attn_q.scale
create_tensor: loading tensor blk.30.attn_k.scale
create_tensor: loading tensor blk.30.attn_v.scale
create_tensor: loading tensor blk.30.attn_output.scale
create_tensor: loading tensor blk.30.ffn_gate.scale
create_tensor: loading tensor blk.30.ffn_down.scale
create_tensor: loading tensor blk.30.ffn_up.scale
create_tensor: loading tensor blk.30.attn_q.input_scale
create_tensor: loading tensor blk.30.attn_k.input_scale
create_tensor: loading tensor blk.30.attn_v.input_scale
create_tensor: loading tensor blk.30.attn_output.input_scale
create_tensor: loading tensor blk.30.ffn_gate.input_scale
create_tensor: loading tensor blk.30.ffn_down.input_scale
create_tensor: loading tensor blk.30.ffn_up.input_scale
create_tensor: loading tensor blk.31.attn_q.scale
create_tensor: loading tensor blk.31.attn_k.scale
create_tensor: loading tensor blk.31.attn_v.scale
create_tensor: loading tensor blk.31.attn_output.scale
create_tensor: loading tensor blk.31.ffn_gate.scale
create_tensor: loading tensor blk.31.ffn_down.scale
create_tensor: loading tensor blk.31.ffn_up.scale
create_tensor: loading tensor blk.31.attn_q.input_scale
create_tensor: loading tensor blk.31.attn_k.input_scale
create_tensor: loading tensor blk.31.attn_v.input_scale
create_tensor: loading tensor blk.31.attn_output.input_scale
create_tensor: loading tensor blk.31.ffn_gate.input_scale
create_tensor: loading tensor blk.31.ffn_down.input_scale
create_tensor: loading tensor blk.31.ffn_up.input_scale
done_getting_tensors: tensor 'token_embd.weight' (q6_K) (and 354 others) cannot be used with preferred buffer type CPU_REPACK, using CPU instead
load_tensors:   CPU_Mapped model buffer size =  4403.24 MiB
............................................................................................
llama_context: constructing llama_context
llama_context: n_seq_max             = 1
llama_context: n_ctx                 = 2048
llama_context: n_ctx_seq             = 2048
llama_context: n_batch               = 256
llama_context: n_ubatch              = 128
llama_context: causal_attn           = 1
llama_context: flash_attn            = auto
llama_context: kv_unified            = false
llama_context: freq_base             = 11158840.0
llama_context: freq_scale            = 1
llama_context: n_rs_seq              = 0
llama_context: n_outputs_max         = 256
llama_context: n_outputs_max_per_seq = 1
llama_context: n_ctx_seq (2048) < n_ctx_train (262144) -- the full capacity of the model will not be utilized
set_abort_callback: call
llama_context:        CPU  output buffer size =     0.49 MiB
llama_kv_cache: layer   0: dev = CPU
llama_kv_cache: layer   1: dev = CPU
llama_kv_cache: layer   2: dev = CPU
llama_kv_cache: layer   3: dev = CPU
llama_kv_cache: layer   4: dev = CPU
llama_kv_cache: layer   5: dev = CPU
llama_kv_cache: layer   6: dev = CPU
llama_kv_cache: layer   7: dev = CPU
llama_kv_cache: layer   8: dev = CPU
llama_kv_cache: layer   9: dev = CPU
llama_kv_cache: layer  10: dev = CPU
llama_kv_cache: layer  11: dev = CPU
llama_kv_cache: layer  12: dev = CPU
llama_kv_cache: layer  13: dev = CPU
llama_kv_cache: layer  14: dev = CPU
llama_kv_cache: layer  15: dev = CPU
llama_kv_cache: layer  16: dev = CPU
llama_kv_cache: layer  17: dev = CPU
llama_kv_cache: layer  18: dev = CPU
llama_kv_cache: layer  19: dev = CPU
llama_kv_cache: layer  20: dev = CPU
llama_kv_cache: layer  21: dev = CPU
llama_kv_cache: layer  22: dev = CPU
llama_kv_cache: layer  23: dev = CPU
llama_kv_cache: layer  24: dev = CPU
llama_kv_cache: layer  25: dev = CPU
llama_kv_cache: layer  26: dev = CPU
llama_kv_cache: layer  27: dev = CPU
llama_kv_cache: layer  28: dev = CPU
llama_kv_cache: layer  29: dev = CPU
llama_kv_cache: layer  30: dev = CPU
llama_kv_cache: layer  31: dev = CPU
llama_kv_cache:        CPU KV buffer size =   256.00 MiB
llama_kv_cache: size =  256.00 MiB (  2048 cells,  32 layers,  1/1 seqs), K (f16):  128.00 MiB, V (f16):  128.00 MiB
llama_kv_cache: attn_rot_k = 0, n_embd_head_k_all = 128
llama_kv_cache: attn_rot_v = 0, n_embd_head_k_all = 128
llama_context: enumerating backends
llama_context: backend_ptrs.size() = 1
sched_reserve: reserving ...
sched_reserve: max_nodes = 2832
sched_reserve: reserving full memory module
sched_reserve: worst-case: n_tokens = 128, n_seqs = 1, n_outputs = 1
graph_reserve: reserving a graph for ubatch with n_tokens =    1, n_seqs =  1, n_outputs =    1
llama_graph_n_input_tensors: input tensor '                         out_ids' [i32, ne = {     1,     1,     1,     1 }] is used by node 'node_1113' (GET_ROWS)
llama_graph_n_input_tensors: input tensor '                         out_ids' [i32, ne = {     1,     1,     1,     1 }] is used by node 'node_1114' (GET_ROWS)
llama_graph_n_input_tensors: input tensor '                attn_inp_kq_mask' [f16, ne = {  2048,     1,     1,     1 }] is used by node 'node_25' (FLASH_ATTN_EXT)
llama_graph_n_input_tensors: input tensor '                attn_inp_kq_mask' [f16, ne = {  2048,     1,     1,     1 }] is used by node 'node_60' (FLASH_ATTN_EXT)
llama_graph_n_input_tensors: input tensor '                attn_inp_kq_mask' [f16, ne = {  2048,     1,     1,     1 }] is used by node 'node_95' (FLASH_ATTN_EXT)
llama_graph_n_input_tensors: input tensor '                attn_inp_kq_mask' [f16, ne = {  2048,     1,     1,     1 }] is used by node 'node_130' (FLASH_ATTN_EXT)
llama_graph_n_input_tensors: input tensor '                attn_inp_kq_mask' [f16, ne = {  2048,     1,     1,     1 }] is used by node 'node_165' (FLASH_ATTN_EXT)
llama_graph_n_input_tensors: input tensor '                attn_inp_kq_mask' [f16, ne = {  2048,     1,     1,     1 }] is used by node 'node_200' (FLASH_ATTN_EXT)
llama_graph_n_input_tensors: input tensor '                attn_inp_kq_mask' [f16, ne = {  2048,     1,     1,     1 }] is used by node 'node_235' (FLASH_ATTN_EXT)
llama_graph_n_input_tensors: input tensor '                attn_inp_kq_mask' [f16, ne = {  2048,     1,     1,     1 }] is used by node 'node_270' (FLASH_ATTN_EXT)
llama_graph_n_input_tensors: input tensor '                attn_inp_kq_mask' [f16, ne = {  2048,     1,     1,     1 }] is used by node 'node_305' (FLASH_ATTN_EXT)
llama_graph_n_input_tensors: input tensor '                attn_inp_kq_mask' [f16, ne = {  2048,     1,     1,     1 }] is used by node 'node_340' (FLASH_ATTN_EXT)
llama_graph_n_input_tensors: input tensor '                attn_inp_kq_mask' [f16, ne = {  2048,     1,     1,     1 }] is used by node 'node_375' (FLASH_ATTN_EXT)
llama_graph_n_input_tensors: input tensor '                attn_inp_kq_mask' [f16, ne = {  2048,     1,     1,     1 }] is used by node 'node_410' (FLASH_ATTN_EXT)
llama_graph_n_input_tensors: input tensor '                attn_inp_kq_mask' [f16, ne = {  2048,     1,     1,     1 }] is used by node 'node_445' (FLASH_ATTN_EXT)
llama_graph_n_input_tensors: input tensor '                attn_inp_kq_mask' [f16, ne = {  2048,     1,     1,     1 }] is used by node 'node_480' (FLASH_ATTN_EXT)
llama_graph_n_input_tensors: input tensor '                attn_inp_kq_mask' [f16, ne = {  2048,     1,     1,     1 }] is used by node 'node_515' (FLASH_ATTN_EXT)
llama_graph_n_input_tensors: input tensor '                attn_inp_kq_mask' [f16, ne = {  2048,     1,     1,     1 }] is used by node 'node_550' (FLASH_ATTN_EXT)
llama_graph_n_input_tensors: input tensor '                attn_inp_kq_mask' [f16, ne = {  2048,     1,     1,     1 }] is used by node 'node_585' (FLASH_ATTN_EXT)
llama_graph_n_input_tensors: input tensor '                attn_inp_kq_mask' [f16, ne = {  2048,     1,     1,     1 }] is used by node 'node_620' (FLASH_ATTN_EXT)
llama_graph_n_input_tensors: input tensor '                attn_inp_kq_mask' [f16, ne = {  2048,     1,     1,     1 }] is used by node 'node_655' (FLASH_ATTN_EXT)
llama_graph_n_input_tensors: input tensor '                attn_inp_kq_mask' [f16, ne = {  2048,     1,     1,     1 }] is used by node 'node_690' (FLASH_ATTN_EXT)
llama_graph_n_input_tensors: input tensor '                attn_inp_kq_mask' [f16, ne = {  2048,     1,     1,     1 }] is used by node 'node_725' (FLASH_ATTN_EXT)
llama_graph_n_input_tensors: input tensor '                attn_inp_kq_mask' [f16, ne = {  2048,     1,     1,     1 }] is used by node 'node_760' (FLASH_ATTN_EXT)
llama_graph_n_input_tensors: input tensor '                attn_inp_kq_mask' [f16, ne = {  2048,     1,     1,     1 }] is used by node 'node_795' (FLASH_ATTN_EXT)
llama_graph_n_input_tensors: input tensor '                attn_inp_kq_mask' [f16, ne = {  2048,     1,     1,     1 }] is used by node 'node_830' (FLASH_ATTN_EXT)
llama_graph_n_input_tensors: input tensor '                attn_inp_kq_mask' [f16, ne = {  2048,     1,     1,     1 }] is used by node 'node_865' (FLASH_ATTN_EXT)
llama_graph_n_input_tensors: input tensor '                attn_inp_kq_mask' [f16, ne = {  2048,     1,     1,     1 }] is used by node 'node_900' (FLASH_ATTN_EXT)
llama_graph_n_input_tensors: input tensor '                attn_inp_kq_mask' [f16, ne = {  2048,     1,     1,     1 }] is used by node 'node_935' (FLASH_ATTN_EXT)
llama_graph_n_input_tensors: input tensor '                attn_inp_kq_mask' [f16, ne = {  2048,     1,     1,     1 }] is used by node 'node_970' (FLASH_ATTN_EXT)
llama_graph_n_input_tensors: input tensor '                attn_inp_kq_mask' [f16, ne = {  2048,     1,     1,     1 }] is used by node 'node_1005' (FLASH_ATTN_EXT)
llama_graph_n_input_tensors: input tensor '                attn_inp_kq_mask' [f16, ne = {  2048,     1,     1,     1 }] is used by node 'node_1040' (FLASH_ATTN_EXT)
llama_graph_n_input_tensors: input tensor '                attn_inp_kq_mask' [f16, ne = {  2048,     1,     1,     1 }] is used by node 'node_1075' (FLASH_ATTN_EXT)
llama_graph_n_input_tensors: input tensor '                attn_inp_kq_mask' [f16, ne = {  2048,     1,     1,     1 }] is used by node 'node_1110' (FLASH_ATTN_EXT)
llama_graph_n_input_tensors: input tensor '                 attn_inp_v_idxs' [i64, ne = {     1,     1,     1,     1 }] is used by node 'cache_v_l0 (view)' (SET_ROWS)
llama_graph_n_input_tensors: input tensor '                 attn_inp_v_idxs' [i64, ne = {     1,     1,     1,     1 }] is used by node 'cache_v_l1 (view)' (SET_ROWS)
llama_graph_n_input_tensors: input tensor '                 attn_inp_v_idxs' [i64, ne = {     1,     1,     1,     1 }] is used by node 'cache_v_l2 (view)' (SET_ROWS)
llama_graph_n_input_tensors: input tensor '                 attn_inp_v_idxs' [i64, ne = {     1,     1,     1,     1 }] is used by node 'cache_v_l3 (view)' (SET_ROWS)
llama_graph_n_input_tensors: input tensor '                 attn_inp_v_idxs' [i64, ne = {     1,     1,     1,     1 }] is used by node 'cache_v_l4 (view)' (SET_ROWS)
llama_graph_n_input_tensors: input tensor '                 attn_inp_v_idxs' [i64, ne = {     1,     1,     1,     1 }] is used by node 'cache_v_l5 (view)' (SET_ROWS)
llama_graph_n_input_tensors: input tensor '                 attn_inp_v_idxs' [i64, ne = {     1,     1,     1,     1 }] is used by node 'cache_v_l6 (view)' (SET_ROWS)
llama_graph_n_input_tensors: input tensor '                 attn_inp_v_idxs' [i64, ne = {     1,     1,     1,     1 }] is used by node 'cache_v_l7 (view)' (SET_ROWS)
llama_graph_n_input_tensors: input tensor '                 attn_inp_v_idxs' [i64, ne = {     1,     1,     1,     1 }] is used by node 'cache_v_l8 (view)' (SET_ROWS)
llama_graph_n_input_tensors: input tensor '                 attn_inp_v_idxs' [i64, ne = {     1,     1,     1,     1 }] is used by node 'cache_v_l9 (view)' (SET_ROWS)
llama_graph_n_input_tensors: input tensor '                 attn_inp_v_idxs' [i64, ne = {     1,     1,     1,     1 }] is used by node 'cache_v_l10 (view)' (SET_ROWS)
llama_graph_n_input_tensors: input tensor '                 attn_inp_v_idxs' [i64, ne = {     1,     1,     1,     1 }] is used by node 'cache_v_l11 (view)' (SET_ROWS)
llama_graph_n_input_tensors: input tensor '                 attn_inp_v_idxs' [i64, ne = {     1,     1,     1,     1 }] is used by node 'cache_v_l12 (view)' (SET_ROWS)
llama_graph_n_input_tensors: input tensor '                 attn_inp_v_idxs' [i64, ne = {     1,     1,     1,     1 }] is used by node 'cache_v_l13 (view)' (SET_ROWS)
llama_graph_n_input_tensors: input tensor '                 attn_inp_v_idxs' [i64, ne = {     1,     1,     1,     1 }] is used by node 'cache_v_l14 (view)' (SET_ROWS)
llama_graph_n_input_tensors: input tensor '                 attn_inp_v_idxs' [i64, ne = {     1,     1,     1,     1 }] is used by node 'cache_v_l15 (view)' (SET_ROWS)
llama_graph_n_input_tensors: input tensor '                 attn_inp_v_idxs' [i64, ne = {     1,     1,     1,     1 }] is used by node 'cache_v_l16 (view)' (SET_ROWS)
llama_graph_n_input_tensors: input tensor '                 attn_inp_v_idxs' [i64, ne = {     1,     1,     1,     1 }] is used by node 'cache_v_l17 (view)' (SET_ROWS)
llama_graph_n_input_tensors: input tensor '                 attn_inp_v_idxs' [i64, ne = {     1,     1,     1,     1 }] is used by node 'cache_v_l18 (view)' (SET_ROWS)
llama_graph_n_input_tensors: input tensor '                 attn_inp_v_idxs' [i64, ne = {     1,     1,     1,     1 }] is used by node 'cache_v_l19 (view)' (SET_ROWS)
llama_graph_n_input_tensors: input tensor '                 attn_inp_v_idxs' [i64, ne = {     1,     1,     1,     1 }] is used by node 'cache_v_l20 (view)' (SET_ROWS)
llama_graph_n_input_tensors: input tensor '                 attn_inp_v_idxs' [i64, ne = {     1,     1,     1,     1 }] is used by node 'cache_v_l21 (view)' (SET_ROWS)
llama_graph_n_input_tensors: input tensor '                 attn_inp_v_idxs' [i64, ne = {     1,     1,     1,     1 }] is used by node 'cache_v_l22 (view)' (SET_ROWS)
llama_graph_n_input_tensors: input tensor '                 attn_inp_v_idxs' [i64, ne = {     1,     1,     1,     1 }] is used by node 'cache_v_l23 (view)' (SET_ROWS)
llama_graph_n_input_tensors: input tensor '                 attn_inp_v_idxs' [i64, ne = {     1,     1,     1,     1 }] is used by node 'cache_v_l24 (view)' (SET_ROWS)
llama_graph_n_input_tensors: input tensor '                 attn_inp_v_idxs' [i64, ne = {     1,     1,     1,     1 }] is used by node 'cache_v_l25 (view)' (SET_ROWS)
llama_graph_n_input_tensors: input tensor '                 attn_inp_v_idxs' [i64, ne = {     1,     1,     1,     1 }] is used by node 'cache_v_l26 (view)' (SET_ROWS)
llama_graph_n_input_tensors: input tensor '                 attn_inp_v_idxs' [i64, ne = {     1,     1,     1,     1 }] is used by node 'cache_v_l27 (view)' (SET_ROWS)
llama_graph_n_input_tensors: input tensor '                 attn_inp_v_idxs' [i64, ne = {     1,     1,     1,     1 }] is used by node 'cache_v_l28 (view)' (SET_ROWS)
llama_graph_n_input_tensors: input tensor '                 attn_inp_v_idxs' [i64, ne = {     1,     1,     1,     1 }] is used by node 'cache_v_l29 (view)' (SET_ROWS)
llama_graph_n_input_tensors: input tensor '                 attn_inp_v_idxs' [i64, ne = {     1,     1,     1,     1 }] is used by node 'cache_v_l30 (view)' (SET_ROWS)
llama_graph_n_input_tensors: input tensor '                 attn_inp_v_idxs' [i64, ne = {     1,     1,     1,     1 }] is used by node 'cache_v_l31 (view)' (SET_ROWS)
llama_graph_n_input_tensors: input tensor '                 attn_inp_k_idxs' [i64, ne = {     1,     1,     1,     1 }] is used by node 'cache_k_l0 (view)' (SET_ROWS)
llama_graph_n_input_tensors: input tensor '                 attn_inp_k_idxs' [i64, ne = {     1,     1,     1,     1 }] is used by node 'cache_k_l1 (view)' (SET_ROWS)
llama_graph_n_input_tensors: input tensor '                 attn_inp_k_idxs' [i64, ne = {     1,     1,     1,     1 }] is used by node 'cache_k_l2 (view)' (SET_ROWS)
llama_graph_n_input_tensors: input tensor '                 attn_inp_k_idxs' [i64, ne = {     1,     1,     1,     1 }] is used by node 'cache_k_l3 (view)' (SET_ROWS)
llama_graph_n_input_tensors: input tensor '                 attn_inp_k_idxs' [i64, ne = {     1,     1,     1,     1 }] is used by node 'cache_k_l4 (view)' (SET_ROWS)
llama_graph_n_input_tensors: input tensor '                 attn_inp_k_idxs' [i64, ne = {     1,     1,     1,     1 }] is used by node 'cache_k_l5 (view)' (SET_ROWS)
llama_graph_n_input_tensors: input tensor '                 attn_inp_k_idxs' [i64, ne = {     1,     1,     1,     1 }] is used by node 'cache_k_l6 (view)' (SET_ROWS)
llama_graph_n_input_tensors: input tensor '                 attn_inp_k_idxs' [i64, ne = {     1,     1,     1,     1 }] is used by node 'cache_k_l7 (view)' (SET_ROWS)
llama_graph_n_input_tensors: input tensor '                 attn_inp_k_idxs' [i64, ne = {     1,     1,     1,     1 }] is used by node 'cache_k_l8 (view)' (SET_ROWS)
llama_graph_n_input_tensors: input tensor '                 attn_inp_k_idxs' [i64, ne = {     1,     1,     1,     1 }] is used by node 'cache_k_l9 (view)' (SET_ROWS)
llama_graph_n_input_tensors: input tensor '                 attn_inp_k_idxs' [i64, ne = {     1,     1,     1,     1 }] is used by node 'cache_k_l10 (view)' (SET_ROWS)
llama_graph_n_input_tensors: input tensor '                 attn_inp_k_idxs' [i64, ne = {     1,     1,     1,     1 }] is used by node 'cache_k_l11 (view)' (SET_ROWS)
llama_graph_n_input_tensors: input tensor '                 attn_inp_k_idxs' [i64, ne = {     1,     1,     1,     1 }] is used by node 'cache_k_l12 (view)' (SET_ROWS)
llama_graph_n_input_tensors: input tensor '                 attn_inp_k_idxs' [i64, ne = {     1,     1,     1,     1 }] is used by node 'cache_k_l13 (view)' (SET_ROWS)
llama_graph_n_input_tensors: input tensor '                 attn_inp_k_idxs' [i64, ne = {     1,     1,     1,     1 }] is used by node 'cache_k_l14 (view)' (SET_ROWS)
llama_graph_n_input_tensors: input tensor '                 attn_inp_k_idxs' [i64, ne = {     1,     1,     1,     1 }] is used by node 'cache_k_l15 (view)' (SET_ROWS)
llama_graph_n_input_tensors: input tensor '                 attn_inp_k_idxs' [i64, ne = {     1,     1,     1,     1 }] is used by node 'cache_k_l16 (view)' (SET_ROWS)
llama_graph_n_input_tensors: input tensor '                 attn_inp_k_idxs' [i64, ne = {     1,     1,     1,     1 }] is used by node 'cache_k_l17 (view)' (SET_ROWS)
llama_graph_n_input_tensors: input tensor '                 attn_inp_k_idxs' [i64, ne = {     1,     1,     1,     1 }] is used by node 'cache_k_l18 (view)' (SET_ROWS)
llama_graph_n_input_tensors: input tensor '                 attn_inp_k_idxs' [i64, ne = {     1,     1,     1,     1 }] is used by node 'cache_k_l19 (view)' (SET_ROWS)
llama_graph_n_input_tensors: input tensor '                 attn_inp_k_idxs' [i64, ne = {     1,     1,     1,     1 }] is used by node 'cache_k_l20 (view)' (SET_ROWS)
llama_graph_n_input_tensors: input tensor '                 attn_inp_k_idxs' [i64, ne = {     1,     1,     1,     1 }] is used by node 'cache_k_l21 (view)' (SET_ROWS)
llama_graph_n_input_tensors: input tensor '                 attn_inp_k_idxs' [i64, ne = {     1,     1,     1,     1 }] is used by node 'cache_k_l22 (view)' (SET_ROWS)
llama_graph_n_input_tensors: input tensor '                 attn_inp_k_idxs' [i64, ne = {     1,     1,     1,     1 }] is used by node 'cache_k_l23 (view)' (SET_ROWS)
llama_graph_n_input_tensors: input tensor '                 attn_inp_k_idxs' [i64, ne = {     1,     1,     1,     1 }] is used by node 'cache_k_l24 (view)' (SET_ROWS)
llama_graph_n_input_tensors: input tensor '                 attn_inp_k_idxs' [i64, ne = {     1,     1,     1,     1 }] is used by node 'cache_k_l25 (view)' (SET_ROWS)
llama_graph_n_input_tensors: input tensor '                 attn_inp_k_idxs' [i64, ne = {     1,     1,     1,     1 }] is used by node 'cache_k_l26 (view)' (SET_ROWS)
llama_graph_n_input_tensors: input tensor '                 attn_inp_k_idxs' [i64, ne = {     1,     1,     1,     1 }] is used by node 'cache_k_l27 (view)' (SET_ROWS)
llama_graph_n_input_tensors: input tensor '                 attn_inp_k_idxs' [i64, ne = {     1,     1,     1,     1 }] is used by node 'cache_k_l28 (view)' (SET_ROWS)
llama_graph_n_input_tensors: input tensor '                 attn_inp_k_idxs' [i64, ne = {     1,     1,     1,     1 }] is used by node 'cache_k_l29 (view)' (SET_ROWS)
llama_graph_n_input_tensors: input tensor '                 attn_inp_k_idxs' [i64, ne = {     1,     1,     1,     1 }] is used by node 'cache_k_l30 (view)' (SET_ROWS)
llama_graph_n_input_tensors: input tensor '                 attn_inp_k_idxs' [i64, ne = {     1,     1,     1,     1 }] is used by node 'cache_k_l31 (view)' (SET_ROWS)
llama_graph_n_input_tensors: input tensor '                         inp_pos' [i32, ne = {     1,     1,     1,     1 }] is used by node 'Qcur-0' (ROPE)
llama_graph_n_input_tensors: input tensor '                         inp_pos' [i32, ne = {     1,     1,     1,     1 }] is used by node 'Kcur-0' (ROPE)
llama_graph_n_input_tensors: input tensor '                         inp_pos' [i32, ne = {     1,     1,     1,     1 }] is used by node 'Qcur-1' (ROPE)
llama_graph_n_input_tensors: input tensor '                         inp_pos' [i32, ne = {     1,     1,     1,     1 }] is used by node 'Kcur-1' (ROPE)
llama_graph_n_input_tensors: input tensor '                         inp_pos' [i32, ne = {     1,     1,     1,     1 }] is used by node 'Qcur-2' (ROPE)
llama_graph_n_input_tensors: input tensor '                         inp_pos' [i32, ne = {     1,     1,     1,     1 }] is used by node 'Kcur-2' (ROPE)
llama_graph_n_input_tensors: input tensor '                         inp_pos' [i32, ne = {     1,     1,     1,     1 }] is used by node 'Qcur-3' (ROPE)
llama_graph_n_input_tensors: input tensor '                         inp_pos' [i32, ne = {     1,     1,     1,     1 }] is used by node 'Kcur-3' (ROPE)
llama_graph_n_input_tensors: input tensor '                         inp_pos' [i32, ne = {     1,     1,     1,     1 }] is used by node 'Qcur-4' (ROPE)
llama_graph_n_input_tensors: input tensor '                         inp_pos' [i32, ne = {     1,     1,     1,     1 }] is used by node 'Kcur-4' (ROPE)
llama_graph_n_input_tensors: input tensor '                         inp_pos' [i32, ne = {     1,     1,     1,     1 }] is used by node 'Qcur-5' (ROPE)
llama_graph_n_input_tensors: input tensor '                         inp_pos' [i32, ne = {     1,     1,     1,     1 }] is used by node 'Kcur-5' (ROPE)
llama_graph_n_input_tensors: input tensor '                         inp_pos' [i32, ne = {     1,     1,     1,     1 }] is used by node 'Qcur-6' (ROPE)
llama_graph_n_input_tensors: input tensor '                         inp_pos' [i32, ne = {     1,     1,     1,     1 }] is used by node 'Kcur-6' (ROPE)
llama_graph_n_input_tensors: input tensor '                         inp_pos' [i32, ne = {     1,     1,     1,     1 }] is used by node 'Qcur-7' (ROPE)
llama_graph_n_input_tensors: input tensor '                         inp_pos' [i32, ne = {     1,     1,     1,     1 }] is used by node 'Kcur-7' (ROPE)
llama_graph_n_input_tensors: input tensor '                         inp_pos' [i32, ne = {     1,     1,     1,     1 }] is used by node 'Qcur-8' (ROPE)
llama_graph_n_input_tensors: input tensor '                         inp_pos' [i32, ne = {     1,     1,     1,     1 }] is used by node 'Kcur-8' (ROPE)
llama_graph_n_input_tensors: input tensor '                         inp_pos' [i32, ne = {     1,     1,     1,     1 }] is used by node 'Qcur-9' (ROPE)
llama_graph_n_input_tensors: input tensor '                         inp_pos' [i32, ne = {     1,     1,     1,     1 }] is used by node 'Kcur-9' (ROPE)
llama_graph_n_input_tensors: input tensor '                         inp_pos' [i32, ne = {     1,     1,     1,     1 }] is used by node 'Qcur-10' (ROPE)
llama_graph_n_input_tensors: input tensor '                         inp_pos' [i32, ne = {     1,     1,     1,     1 }] is used by node 'Kcur-10' (ROPE)
llama_graph_n_input_tensors: input tensor '                         inp_pos' [i32, ne = {     1,     1,     1,     1 }] is used by node 'Qcur-11' (ROPE)
llama_graph_n_input_tensors: input tensor '                         inp_pos' [i32, ne = {     1,     1,     1,     1 }] is used by node 'Kcur-11' (ROPE)
llama_graph_n_input_tensors: input tensor '                         inp_pos' [i32, ne = {     1,     1,     1,     1 }] is used by node 'Qcur-12' (ROPE)
llama_graph_n_input_tensors: input tensor '                         inp_pos' [i32, ne = {     1,     1,     1,     1 }] is used by node 'Kcur-12' (ROPE)
llama_graph_n_input_tensors: input tensor '                         inp_pos' [i32, ne = {     1,     1,     1,     1 }] is used by node 'Qcur-13' (ROPE)
llama_graph_n_input_tensors: input tensor '                         inp_pos' [i32, ne = {     1,     1,     1,     1 }] is used by node 'Kcur-13' (ROPE)
llama_graph_n_input_tensors: input tensor '                         inp_pos' [i32, ne = {     1,     1,     1,     1 }] is used by node 'Qcur-14' (ROPE)
llama_graph_n_input_tensors: input tensor '                         inp_pos' [i32, ne = {     1,     1,     1,     1 }] is used by node 'Kcur-14' (ROPE)
llama_graph_n_input_tensors: input tensor '                         inp_pos' [i32, ne = {     1,     1,     1,     1 }] is used by node 'Qcur-15' (ROPE)
llama_graph_n_input_tensors: input tensor '                         inp_pos' [i32, ne = {     1,     1,     1,     1 }] is used by node 'Kcur-15' (ROPE)
llama_graph_n_input_tensors: input tensor '                         inp_pos' [i32, ne = {     1,     1,     1,     1 }] is used by node 'Qcur-16' (ROPE)
llama_graph_n_input_tensors: input tensor '                         inp_pos' [i32, ne = {     1,     1,     1,     1 }] is used by node 'Kcur-16' (ROPE)
llama_graph_n_input_tensors: input tensor '                         inp_pos' [i32, ne = {     1,     1,     1,     1 }] is used by node 'Qcur-17' (ROPE)
llama_graph_n_input_tensors: input tensor '                         inp_pos' [i32, ne = {     1,     1,     1,     1 }] is used by node 'Kcur-17' (ROPE)
llama_graph_n_input_tensors: input tensor '                         inp_pos' [i32, ne = {     1,     1,     1,     1 }] is used by node 'Qcur-18' (ROPE)
llama_graph_n_input_tensors: input tensor '                         inp_pos' [i32, ne = {     1,     1,     1,     1 }] is used by node 'Kcur-18' (ROPE)
llama_graph_n_input_tensors: input tensor '                         inp_pos' [i32, ne = {     1,     1,     1,     1 }] is used by node 'Qcur-19' (ROPE)
llama_graph_n_input_tensors: input tensor '                         inp_pos' [i32, ne = {     1,     1,     1,     1 }] is used by node 'Kcur-19' (ROPE)
llama_graph_n_input_tensors: input tensor '                         inp_pos' [i32, ne = {     1,     1,     1,     1 }] is used by node 'Qcur-20' (ROPE)
llama_graph_n_input_tensors: input tensor '                         inp_pos' [i32, ne = {     1,     1,     1,     1 }] is used by node 'Kcur-20' (ROPE)
llama_graph_n_input_tensors: input tensor '                         inp_pos' [i32, ne = {     1,     1,     1,     1 }] is used by node 'Qcur-21' (ROPE)
llama_graph_n_input_tensors: input tensor '                         inp_pos' [i32, ne = {     1,     1,     1,     1 }] is used by node 'Kcur-21' (ROPE)
llama_graph_n_input_tensors: input tensor '                         inp_pos' [i32, ne = {     1,     1,     1,     1 }] is used by node 'Qcur-22' (ROPE)
llama_graph_n_input_tensors: input tensor '                         inp_pos' [i32, ne = {     1,     1,     1,     1 }] is used by node 'Kcur-22' (ROPE)
llama_graph_n_input_tensors: input tensor '                         inp_pos' [i32, ne = {     1,     1,     1,     1 }] is used by node 'Qcur-23' (ROPE)
llama_graph_n_input_tensors: input tensor '                         inp_pos' [i32, ne = {     1,     1,     1,     1 }] is used by node 'Kcur-23' (ROPE)
llama_graph_n_input_tensors: input tensor '                         inp_pos' [i32, ne = {     1,     1,     1,     1 }] is used by node 'Qcur-24' (ROPE)
llama_graph_n_input_tensors: input tensor '                         inp_pos' [i32, ne = {     1,     1,     1,     1 }] is used by node 'Kcur-24' (ROPE)
llama_graph_n_input_tensors: input tensor '                         inp_pos' [i32, ne = {     1,     1,     1,     1 }] is used by node 'Qcur-25' (ROPE)
llama_graph_n_input_tensors: input tensor '                         inp_pos' [i32, ne = {     1,     1,     1,     1 }] is used by node 'Kcur-25' (ROPE)
llama_graph_n_input_tensors: input tensor '                         inp_pos' [i32, ne = {     1,     1,     1,     1 }] is used by node 'Qcur-26' (ROPE)
llama_graph_n_input_tensors: input tensor '                         inp_pos' [i32, ne = {     1,     1,     1,     1 }] is used by node 'Kcur-26' (ROPE)
llama_graph_n_input_tensors: input tensor '                         inp_pos' [i32, ne = {     1,     1,     1,     1 }] is used by node 'Qcur-27' (ROPE)
llama_graph_n_input_tensors: input tensor '                         inp_pos' [i32, ne = {     1,     1,     1,     1 }] is used by node 'Kcur-27' (ROPE)
llama_graph_n_input_tensors: input tensor '                         inp_pos' [i32, ne = {     1,     1,     1,     1 }] is used by node 'Qcur-28' (ROPE)
llama_graph_n_input_tensors: input tensor '                         inp_pos' [i32, ne = {     1,     1,     1,     1 }] is used by node 'Kcur-28' (ROPE)
llama_graph_n_input_tensors: input tensor '                         inp_pos' [i32, ne = {     1,     1,     1,     1 }] is used by node 'Qcur-29' (ROPE)
llama_graph_n_input_tensors: input tensor '                         inp_pos' [i32, ne = {     1,     1,     1,     1 }] is used by node 'Kcur-29' (ROPE)
llama_graph_n_input_tensors: input tensor '                         inp_pos' [i32, ne = {     1,     1,     1,     1 }] is used by node 'Qcur-30' (ROPE)
llama_graph_n_input_tensors: input tensor '                         inp_pos' [i32, ne = {     1,     1,     1,     1 }] is used by node 'Kcur-30' (ROPE)
llama_graph_n_input_tensors: input tensor '                         inp_pos' [i32, ne = {     1,     1,     1,     1 }] is used by node 'Qcur-31' (ROPE)
llama_graph_n_input_tensors: input tensor '                         inp_pos' [i32, ne = {     1,     1,     1,     1 }] is used by node 'Kcur-31' (ROPE)
llama_graph_n_input_tensors: input tensor '                      inp_tokens' [i32, ne = {     1,     1,     1,     1 }] is used by node 'embd' (GET_ROWS)
resolve_fused_ops: Flash Attention enabled
resolve_fused_ops: resolving fused DeepSeek V4 HC support:
graph_reserve: reserving a graph for ubatch with n_tokens =    1, n_seqs =  1, n_outputs =    1
llama_graph_n_input_tensors: input tensor '                         out_ids' [i32, ne = {     1,     1,     1,     1 }] is used by node 'node_1113' (GET_ROWS)
llama_graph_n_input_tensors: input tensor '                         out_ids' [i32, ne = {     1,     1,     1,     1 }] is used by node 'node_1114' (GET_ROWS)
llama_graph_n_input_tensors: input tensor '                attn_inp_kq_mask' [f16, ne = {  2048,     1,     1,     1 }] is used by node 'node_25' (FLASH_ATTN_EXT)
llama_graph_n_input_tensors: input tensor '                attn_inp_kq_mask' [f16, ne = {  2048,     1,     1,     1 }] is used by node 'node_60' (FLASH_ATTN_EXT)
llama_graph_n_input_tensors: input tensor '                attn_inp_kq_mask' [f16, ne = {  2048,     1,     1,     1 }] is used by node 'node_95' (FLASH_ATTN_EXT)
llama_graph_n_input_tensors: input tensor '                attn_inp_kq_mask' [f16, ne = {  2048,     1,     1,     1 }] is used by node 'node_130' (FLASH_ATTN_EXT)
llama_graph_n_input_tensors: input tensor '                attn_inp_kq_mask' [f16, ne = {  2048,     1,     1,     1 }] is used by node 'node_165' (FLASH_ATTN_EXT)
llama_graph_n_input_tensors: input tensor '                attn_inp_kq_mask' [f16, ne = {  2048,     1,     1,     1 }] is used by node 'node_200' (FLASH_ATTN_EXT)
llama_graph_n_input_tensors: input tensor '                attn_inp_kq_mask' [f16, ne = {  2048,     1,     1,     1 }] is used by node 'node_235' (FLASH_ATTN_EXT)
llama_graph_n_input_tensors: input tensor '                attn_inp_kq_mask' [f16, ne = {  2048,     1,     1,     1 }] is used by node 'node_270' (FLASH_ATTN_EXT)
llama_graph_n_input_tensors: input tensor '                attn_inp_kq_mask' [f16, ne = {  2048,     1,     1,     1 }] is used by node 'node_305' (FLASH_ATTN_EXT)
llama_graph_n_input_tensors: input tensor '                attn_inp_kq_mask' [f16, ne = {  2048,     1,     1,     1 }] is used by node 'node_340' (FLASH_ATTN_EXT)
llama_graph_n_input_tensors: input tensor '                attn_inp_kq_mask' [f16, ne = {  2048,     1,     1,     1 }] is used by node 'node_375' (FLASH_ATTN_EXT)
llama_graph_n_input_tensors: input tensor '                attn_inp_kq_mask' [f16, ne = {  2048,     1,     1,     1 }] is used by node 'node_410' (FLASH_ATTN_EXT)
llama_graph_n_input_tensors: input tensor '                attn_inp_kq_mask' [f16, ne = {  2048,     1,     1,     1 }] is used by node 'node_445' (FLASH_ATTN_EXT)
llama_graph_n_input_tensors: input tensor '                attn_inp_kq_mask' [f16, ne = {  2048,     1,     1,     1 }] is used by node 'node_480' (FLASH_ATTN_EXT)
llama_graph_n_input_tensors: input tensor '                attn_inp_kq_mask' [f16, ne = {  2048,     1,     1,     1 }] is used by node 'node_515' (FLASH_ATTN_EXT)
llama_graph_n_input_tensors: input tensor '                attn_inp_kq_mask' [f16, ne = {  2048,     1,     1,     1 }] is used by node 'node_550' (FLASH_ATTN_EXT)
llama_graph_n_input_tensors: input tensor '                attn_inp_kq_mask' [f16, ne = {  2048,     1,     1,     1 }] is used by node 'node_585' (FLASH_ATTN_EXT)
llama_graph_n_input_tensors: input tensor '                attn_inp_kq_mask' [f16, ne = {  2048,     1,     1,     1 }] is used by node 'node_620' (FLASH_ATTN_EXT)
llama_graph_n_input_tensors: input tensor '                attn_inp_kq_mask' [f16, ne = {  2048,     1,     1,     1 }] is used by node 'node_655' (FLASH_ATTN_EXT)
llama_graph_n_input_tensors: input tensor '                attn_inp_kq_mask' [f16, ne = {  2048,     1,     1,     1 }] is used by node 'node_690' (FLASH_ATTN_EXT)
llama_graph_n_input_tensors: input tensor '                attn_inp_kq_mask' [f16, ne = {  2048,     1,     1,     1 }] is used by node 'node_725' (FLASH_ATTN_EXT)
llama_graph_n_input_tensors: input tensor '                attn_inp_kq_mask' [f16, ne = {  2048,     1,     1,     1 }] is used by node 'node_760' (FLASH_ATTN_EXT)
llama_graph_n_input_tensors: input tensor '                attn_inp_kq_mask' [f16, ne = {  2048,     1,     1,     1 }] is used by node 'node_795' (FLASH_ATTN_EXT)
llama_graph_n_input_tensors: input tensor '                attn_inp_kq_mask' [f16, ne = {  2048,     1,     1,     1 }] is used by node 'node_830' (FLASH_ATTN_EXT)
llama_graph_n_input_tensors: input tensor '                attn_inp_kq_mask' [f16, ne = {  2048,     1,     1,     1 }] is used by node 'node_865' (FLASH_ATTN_EXT)
llama_graph_n_input_tensors: input tensor '                attn_inp_kq_mask' [f16, ne = {  2048,     1,     1,     1 }] is used by node 'node_900' (FLASH_ATTN_EXT)
llama_graph_n_input_tensors: input tensor '                attn_inp_kq_mask' [f16, ne = {  2048,     1,     1,     1 }] is used by node 'node_935' (FLASH_ATTN_EXT)
llama_graph_n_input_tensors: input tensor '                attn_inp_kq_mask' [f16, ne = {  2048,     1,     1,     1 }] is used by node 'node_970' (FLASH_ATTN_EXT)
llama_graph_n_input_tensors: input tensor '                attn_inp_kq_mask' [f16, ne = {  2048,     1,     1,     1 }] is used by node 'node_1005' (FLASH_ATTN_EXT)
llama_graph_n_input_tensors: input tensor '                attn_inp_kq_mask' [f16, ne = {  2048,     1,     1,     1 }] is used by node 'node_1040' (FLASH_ATTN_EXT)
llama_graph_n_input_tensors: input tensor '                attn_inp_kq_mask' [f16, ne = {  2048,     1,     1,     1 }] is used by node 'node_1075' (FLASH_ATTN_EXT)
llama_graph_n_input_tensors: input tensor '                attn_inp_kq_mask' [f16, ne = {  2048,     1,     1,     1 }] is used by node 'node_1110' (FLASH_ATTN_EXT)
llama_graph_n_input_tensors: input tensor '                 attn_inp_v_idxs' [i64, ne = {     1,     1,     1,     1 }] is used by node 'cache_v_l0 (view)' (SET_ROWS)
llama_graph_n_input_tensors: input tensor '                 attn_inp_v_idxs' [i64, ne = {     1,     1,     1,     1 }] is used by node 'cache_v_l1 (view)' (SET_ROWS)
llama_graph_n_input_tensors: input tensor '                 attn_inp_v_idxs' [i64, ne = {     1,     1,     1,     1 }] is used by node 'cache_v_l2 (view)' (SET_ROWS)
llama_graph_n_input_tensors: input tensor '                 attn_inp_v_idxs' [i64, ne = {     1,     1,     1,     1 }] is used by node 'cache_v_l3 (view)' (SET_ROWS)
llama_graph_n_input_tensors: input tensor '                 attn_inp_v_idxs' [i64, ne = {     1,     1,     1,     1 }] is used by node 'cache_v_l4 (view)' (SET_ROWS)
llama_graph_n_input_tensors: input tensor '                 attn_inp_v_idxs' [i64, ne = {     1,     1,     1,     1 }] is used by node 'cache_v_l5 (view)' (SET_ROWS)
llama_graph_n_input_tensors: input tensor '                 attn_inp_v_idxs' [i64, ne = {     1,     1,     1,     1 }] is used by node 'cache_v_l6 (view)' (SET_ROWS)
llama_graph_n_input_tensors: input tensor '                 attn_inp_v_idxs' [i64, ne = {     1,     1,     1,     1 }] is used by node 'cache_v_l7 (view)' (SET_ROWS)
llama_graph_n_input_tensors: input tensor '                 attn_inp_v_idxs' [i64, ne = {     1,     1,     1,     1 }] is used by node 'cache_v_l8 (view)' (SET_ROWS)
llama_graph_n_input_tensors: input tensor '                 attn_inp_v_idxs' [i64, ne = {     1,     1,     1,     1 }] is used by node 'cache_v_l9 (view)' (SET_ROWS)
llama_graph_n_input_tensors: input tensor '                 attn_inp_v_idxs' [i64, ne = {     1,     1,     1,     1 }] is used by node 'cache_v_l10 (view)' (SET_ROWS)
llama_graph_n_input_tensors: input tensor '                 attn_inp_v_idxs' [i64, ne = {     1,     1,     1,     1 }] is used by node 'cache_v_l11 (view)' (SET_ROWS)
llama_graph_n_input_tensors: input tensor '                 attn_inp_v_idxs' [i64, ne = {     1,     1,     1,     1 }] is used by node 'cache_v_l12 (view)' (SET_ROWS)
llama_graph_n_input_tensors: input tensor '                 attn_inp_v_idxs' [i64, ne = {     1,     1,     1,     1 }] is used by node 'cache_v_l13 (view)' (SET_ROWS)
llama_graph_n_input_tensors: input tensor '                 attn_inp_v_idxs' [i64, ne = {     1,     1,     1,     1 }] is used by node 'cache_v_l14 (view)' (SET_ROWS)
llama_graph_n_input_tensors: input tensor '                 attn_inp_v_idxs' [i64, ne = {     1,     1,     1,     1 }] is used by node 'cache_v_l15 (view)' (SET_ROWS)
llama_graph_n_input_tensors: input tensor '                 attn_inp_v_idxs' [i64, ne = {     1,     1,     1,     1 }] is used by node 'cache_v_l16 (view)' (SET_ROWS)
llama_graph_n_input_tensors: input tensor '                 attn_inp_v_idxs' [i64, ne = {     1,     1,     1,     1 }] is used by node 'cache_v_l17 (view)' (SET_ROWS)
llama_graph_n_input_tensors: input tensor '                 attn_inp_v_idxs' [i64, ne = {     1,     1,     1,     1 }] is used by node 'cache_v_l18 (view)' (SET_ROWS)
llama_graph_n_input_tensors: input tensor '                 attn_inp_v_idxs' [i64, ne = {     1,     1,     1,     1 }] is used by node 'cache_v_l19 (view)' (SET_ROWS)
llama_graph_n_input_tensors: input tensor '                 attn_inp_v_idxs' [i64, ne = {     1,     1,     1,     1 }] is used by node 'cache_v_l20 (view)' (SET_ROWS)
llama_graph_n_input_tensors: input tensor '                 attn_inp_v_idxs' [i64, ne = {     1,     1,     1,     1 }] is used by node 'cache_v_l21 (view)' (SET_ROWS)
llama_graph_n_input_tensors: input tensor '                 attn_inp_v_idxs' [i64, ne = {     1,     1,     1,     1 }] is used by node 'cache_v_l22 (view)' (SET_ROWS)
llama_graph_n_input_tensors: input tensor '                 attn_inp_v_idxs' [i64, ne = {     1,     1,     1,     1 }] is used by node 'cache_v_l23 (view)' (SET_ROWS)
llama_graph_n_input_tensors: input tensor '                 attn_inp_v_idxs' [i64, ne = {     1,     1,     1,     1 }] is used by node 'cache_v_l24 (view)' (SET_ROWS)
llama_graph_n_input_tensors: input tensor '                 attn_inp_v_idxs' [i64, ne = {     1,     1,     1,     1 }] is used by node 'cache_v_l25 (view)' (SET_ROWS)
llama_graph_n_input_tensors: input tensor '                 attn_inp_v_idxs' [i64, ne = {     1,     1,     1,     1 }] is used by node 'cache_v_l26 (view)' (SET_ROWS)
llama_graph_n_input_tensors: input tensor '                 attn_inp_v_idxs' [i64, ne = {     1,     1,     1,     1 }] is used by node 'cache_v_l27 (view)' (SET_ROWS)
llama_graph_n_input_tensors: input tensor '                 attn_inp_v_idxs' [i64, ne = {     1,     1,     1,     1 }] is used by node 'cache_v_l28 (view)' (SET_ROWS)
llama_graph_n_input_tensors: input tensor '                 attn_inp_v_idxs' [i64, ne = {     1,     1,     1,     1 }] is used by node 'cache_v_l29 (view)' (SET_ROWS)
llama_graph_n_input_tensors: input tensor '                 attn_inp_v_idxs' [i64, ne = {     1,     1,     1,     1 }] is used by node 'cache_v_l30 (view)' (SET_ROWS)
llama_graph_n_input_tensors: input tensor '                 attn_inp_v_idxs' [i64, ne = {     1,     1,     1,     1 }] is used by node 'cache_v_l31 (view)' (SET_ROWS)
llama_graph_n_input_tensors: input tensor '                 attn_inp_k_idxs' [i64, ne = {     1,     1,     1,     1 }] is used by node 'cache_k_l0 (view)' (SET_ROWS)
llama_graph_n_input_tensors: input tensor '                 attn_inp_k_idxs' [i64, ne = {     1,     1,     1,     1 }] is used by node 'cache_k_l1 (view)' (SET_ROWS)
llama_graph_n_input_tensors: input tensor '                 attn_inp_k_idxs' [i64, ne = {     1,     1,     1,     1 }] is used by node 'cache_k_l2 (view)' (SET_ROWS)
llama_graph_n_input_tensors: input tensor '                 attn_inp_k_idxs' [i64, ne = {     1,     1,     1,     1 }] is used by node 'cache_k_l3 (view)' (SET_ROWS)
llama_graph_n_input_tensors: input tensor '                 attn_inp_k_idxs' [i64, ne = {     1,     1,     1,     1 }] is used by node 'cache_k_l4 (view)' (SET_ROWS)
llama_graph_n_input_tensors: input tensor '                 attn_inp_k_idxs' [i64, ne = {     1,     1,     1,     1 }] is used by node 'cache_k_l5 (view)' (SET_ROWS)
llama_graph_n_input_tensors: input tensor '                 attn_inp_k_idxs' [i64, ne = {     1,     1,     1,     1 }] is used by node 'cache_k_l6 (view)' (SET_ROWS)
llama_graph_n_input_tensors: input tensor '                 attn_inp_k_idxs' [i64, ne = {     1,     1,     1,     1 }] is used by node 'cache_k_l7 (view)' (SET_ROWS)
llama_graph_n_input_tensors: input tensor '                 attn_inp_k_idxs' [i64, ne = {     1,     1,     1,     1 }] is used by node 'cache_k_l8 (view)' (SET_ROWS)
llama_graph_n_input_tensors: input tensor '                 attn_inp_k_idxs' [i64, ne = {     1,     1,     1,     1 }] is used by node 'cache_k_l9 (view)' (SET_ROWS)
llama_graph_n_input_tensors: input tensor '                 attn_inp_k_idxs' [i64, ne = {     1,     1,     1,     1 }] is used by node 'cache_k_l10 (view)' (SET_ROWS)
llama_graph_n_input_tensors: input tensor '                 attn_inp_k_idxs' [i64, ne = {     1,     1,     1,     1 }] is used by node 'cache_k_l11 (view)' (SET_ROWS)
llama_graph_n_input_tensors: input tensor '                 attn_inp_k_idxs' [i64, ne = {     1,     1,     1,     1 }] is used by node 'cache_k_l12 (view)' (SET_ROWS)
llama_graph_n_input_tensors: input tensor '                 attn_inp_k_idxs' [i64, ne = {     1,     1,     1,     1 }] is used by node 'cache_k_l13 (view)' (SET_ROWS)
llama_graph_n_input_tensors: input tensor '                 attn_inp_k_idxs' [i64, ne = {     1,     1,     1,     1 }] is used by node 'cache_k_l14 (view)' (SET_ROWS)
llama_graph_n_input_tensors: input tensor '                 attn_inp_k_idxs' [i64, ne = {     1,     1,     1,     1 }] is used by node 'cache_k_l15 (view)' (SET_ROWS)
llama_graph_n_input_tensors: input tensor '                 attn_inp_k_idxs' [i64, ne = {     1,     1,     1,     1 }] is used by node 'cache_k_l16 (view)' (SET_ROWS)
llama_graph_n_input_tensors: input tensor '                 attn_inp_k_idxs' [i64, ne = {     1,     1,     1,     1 }] is used by node 'cache_k_l17 (view)' (SET_ROWS)
llama_graph_n_input_tensors: input tensor '                 attn_inp_k_idxs' [i64, ne = {     1,     1,     1,     1 }] is used by node 'cache_k_l18 (view)' (SET_ROWS)
llama_graph_n_input_tensors: input tensor '                 attn_inp_k_idxs' [i64, ne = {     1,     1,     1,     1 }] is used by node 'cache_k_l19 (view)' (SET_ROWS)
llama_graph_n_input_tensors: input tensor '                 attn_inp_k_idxs' [i64, ne = {     1,     1,     1,     1 }] is used by node 'cache_k_l20 (view)' (SET_ROWS)
llama_graph_n_input_tensors: input tensor '                 attn_inp_k_idxs' [i64, ne = {     1,     1,     1,     1 }] is used by node 'cache_k_l21 (view)' (SET_ROWS)
llama_graph_n_input_tensors: input tensor '                 attn_inp_k_idxs' [i64, ne = {     1,     1,     1,     1 }] is used by node 'cache_k_l22 (view)' (SET_ROWS)
llama_graph_n_input_tensors: input tensor '                 attn_inp_k_idxs' [i64, ne = {     1,     1,     1,     1 }] is used by node 'cache_k_l23 (view)' (SET_ROWS)
llama_graph_n_input_tensors: input tensor '                 attn_inp_k_idxs' [i64, ne = {     1,     1,     1,     1 }] is used by node 'cache_k_l24 (view)' (SET_ROWS)
llama_graph_n_input_tensors: input tensor '                 attn_inp_k_idxs' [i64, ne = {     1,     1,     1,     1 }] is used by node 'cache_k_l25 (view)' (SET_ROWS)
llama_graph_n_input_tensors: input tensor '                 attn_inp_k_idxs' [i64, ne = {     1,     1,     1,     1 }] is used by node 'cache_k_l26 (view)' (SET_ROWS)
llama_graph_n_input_tensors: input tensor '                 attn_inp_k_idxs' [i64, ne = {     1,     1,     1,     1 }] is used by node 'cache_k_l27 (view)' (SET_ROWS)
llama_graph_n_input_tensors: input tensor '                 attn_inp_k_idxs' [i64, ne = {     1,     1,     1,     1 }] is used by node 'cache_k_l28 (view)' (SET_ROWS)
llama_graph_n_input_tensors: input tensor '                 attn_inp_k_idxs' [i64, ne = {     1,     1,     1,     1 }] is used by node 'cache_k_l29 (view)' (SET_ROWS)
llama_graph_n_input_tensors: input tensor '                 attn_inp_k_idxs' [i64, ne = {     1,     1,     1,     1 }] is used by node 'cache_k_l30 (view)' (SET_ROWS)
llama_graph_n_input_tensors: input tensor '                 attn_inp_k_idxs' [i64, ne = {     1,     1,     1,     1 }] is used by node 'cache_k_l31 (view)' (SET_ROWS)
llama_graph_n_input_tensors: input tensor '                         inp_pos' [i32, ne = {     1,     1,     1,     1 }] is used by node 'Qcur-0' (ROPE)
llama_graph_n_input_tensors: input tensor '                         inp_pos' [i32, ne = {     1,     1,     1,     1 }] is used by node 'Kcur-0' (ROPE)
llama_graph_n_input_tensors: input tensor '                         inp_pos' [i32, ne = {     1,     1,     1,     1 }] is used by node 'Qcur-1' (ROPE)
llama_graph_n_input_tensors: input tensor '                         inp_pos' [i32, ne = {     1,     1,     1,     1 }] is used by node 'Kcur-1' (ROPE)
llama_graph_n_input_tensors: input tensor '                         inp_pos' [i32, ne = {     1,     1,     1,     1 }] is used by node 'Qcur-2' (ROPE)
llama_graph_n_input_tensors: input tensor '                         inp_pos' [i32, ne = {     1,     1,     1,     1 }] is used by node 'Kcur-2' (ROPE)
llama_graph_n_input_tensors: input tensor '                         inp_pos' [i32, ne = {     1,     1,     1,     1 }] is used by node 'Qcur-3' (ROPE)
llama_graph_n_input_tensors: input tensor '                         inp_pos' [i32, ne = {     1,     1,     1,     1 }] is used by node 'Kcur-3' (ROPE)
llama_graph_n_input_tensors: input tensor '                         inp_pos' [i32, ne = {     1,     1,     1,     1 }] is used by node 'Qcur-4' (ROPE)
llama_graph_n_input_tensors: input tensor '                         inp_pos' [i32, ne = {     1,     1,     1,     1 }] is used by node 'Kcur-4' (ROPE)
llama_graph_n_input_tensors: input tensor '                         inp_pos' [i32, ne = {     1,     1,     1,     1 }] is used by node 'Qcur-5' (ROPE)
llama_graph_n_input_tensors: input tensor '                         inp_pos' [i32, ne = {     1,     1,     1,     1 }] is used by node 'Kcur-5' (ROPE)
llama_graph_n_input_tensors: input tensor '                         inp_pos' [i32, ne = {     1,     1,     1,     1 }] is used by node 'Qcur-6' (ROPE)
llama_graph_n_input_tensors: input tensor '                         inp_pos' [i32, ne = {     1,     1,     1,     1 }] is used by node 'Kcur-6' (ROPE)
llama_graph_n_input_tensors: input tensor '                         inp_pos' [i32, ne = {     1,     1,     1,     1 }] is used by node 'Qcur-7' (ROPE)
llama_graph_n_input_tensors: input tensor '                         inp_pos' [i32, ne = {     1,     1,     1,     1 }] is used by node 'Kcur-7' (ROPE)
llama_graph_n_input_tensors: input tensor '                         inp_pos' [i32, ne = {     1,     1,     1,     1 }] is used by node 'Qcur-8' (ROPE)
llama_graph_n_input_tensors: input tensor '                         inp_pos' [i32, ne = {     1,     1,     1,     1 }] is used by node 'Kcur-8' (ROPE)
llama_graph_n_input_tensors: input tensor '                         inp_pos' [i32, ne = {     1,     1,     1,     1 }] is used by node 'Qcur-9' (ROPE)
llama_graph_n_input_tensors: input tensor '                         inp_pos' [i32, ne = {     1,     1,     1,     1 }] is used by node 'Kcur-9' (ROPE)
llama_graph_n_input_tensors: input tensor '                         inp_pos' [i32, ne = {     1,     1,     1,     1 }] is used by node 'Qcur-10' (ROPE)
llama_graph_n_input_tensors: input tensor '                         inp_pos' [i32, ne = {     1,     1,     1,     1 }] is used by node 'Kcur-10' (ROPE)
llama_graph_n_input_tensors: input tensor '                         inp_pos' [i32, ne = {     1,     1,     1,     1 }] is used by node 'Qcur-11' (ROPE)
llama_graph_n_input_tensors: input tensor '                         inp_pos' [i32, ne = {     1,     1,     1,     1 }] is used by node 'Kcur-11' (ROPE)
llama_graph_n_input_tensors: input tensor '                         inp_pos' [i32, ne = {     1,     1,     1,     1 }] is used by node 'Qcur-12' (ROPE)
llama_graph_n_input_tensors: input tensor '                         inp_pos' [i32, ne = {     1,     1,     1,     1 }] is used by node 'Kcur-12' (ROPE)
llama_graph_n_input_tensors: input tensor '                         inp_pos' [i32, ne = {     1,     1,     1,     1 }] is used by node 'Qcur-13' (ROPE)
llama_graph_n_input_tensors: input tensor '                         inp_pos' [i32, ne = {     1,     1,     1,     1 }] is used by node 'Kcur-13' (ROPE)
llama_graph_n_input_tensors: input tensor '                         inp_pos' [i32, ne = {     1,     1,     1,     1 }] is used by node 'Qcur-14' (ROPE)
llama_graph_n_input_tensors: input tensor '                         inp_pos' [i32, ne = {     1,     1,     1,     1 }] is used by node 'Kcur-14' (ROPE)
llama_graph_n_input_tensors: input tensor '                         inp_pos' [i32, ne = {     1,     1,     1,     1 }] is used by node 'Qcur-15' (ROPE)
llama_graph_n_input_tensors: input tensor '                         inp_pos' [i32, ne = {     1,     1,     1,     1 }] is used by node 'Kcur-15' (ROPE)
llama_graph_n_input_tensors: input tensor '                         inp_pos' [i32, ne = {     1,     1,     1,     1 }] is used by node 'Qcur-16' (ROPE)
llama_graph_n_input_tensors: input tensor '                         inp_pos' [i32, ne = {     1,     1,     1,     1 }] is used by node 'Kcur-16' (ROPE)
llama_graph_n_input_tensors: input tensor '                         inp_pos' [i32, ne = {     1,     1,     1,     1 }] is used by node 'Qcur-17' (ROPE)
llama_graph_n_input_tensors: input tensor '                         inp_pos' [i32, ne = {     1,     1,     1,     1 }] is used by node 'Kcur-17' (ROPE)
llama_graph_n_input_tensors: input tensor '                         inp_pos' [i32, ne = {     1,     1,     1,     1 }] is used by node 'Qcur-18' (ROPE)
llama_graph_n_input_tensors: input tensor '                         inp_pos' [i32, ne = {     1,     1,     1,     1 }] is used by node 'Kcur-18' (ROPE)
llama_graph_n_input_tensors: input tensor '                         inp_pos' [i32, ne = {     1,     1,     1,     1 }] is used by node 'Qcur-19' (ROPE)
llama_graph_n_input_tensors: input tensor '                         inp_pos' [i32, ne = {     1,     1,     1,     1 }] is used by node 'Kcur-19' (ROPE)
llama_graph_n_input_tensors: input tensor '                         inp_pos' [i32, ne = {     1,     1,     1,     1 }] is used by node 'Qcur-20' (ROPE)
llama_graph_n_input_tensors: input tensor '                         inp_pos' [i32, ne = {     1,     1,     1,     1 }] is used by node 'Kcur-20' (ROPE)
llama_graph_n_input_tensors: input tensor '                         inp_pos' [i32, ne = {     1,     1,     1,     1 }] is used by node 'Qcur-21' (ROPE)
llama_graph_n_input_tensors: input tensor '                         inp_pos' [i32, ne = {     1,     1,     1,     1 }] is used by node 'Kcur-21' (ROPE)
llama_graph_n_input_tensors: input tensor '                         inp_pos' [i32, ne = {     1,     1,     1,     1 }] is used by node 'Qcur-22' (ROPE)
llama_graph_n_input_tensors: input tensor '                         inp_pos' [i32, ne = {     1,     1,     1,     1 }] is used by node 'Kcur-22' (ROPE)
llama_graph_n_input_tensors: input tensor '                         inp_pos' [i32, ne = {     1,     1,     1,     1 }] is used by node 'Qcur-23' (ROPE)
llama_graph_n_input_tensors: input tensor '                         inp_pos' [i32, ne = {     1,     1,     1,     1 }] is used by node 'Kcur-23' (ROPE)
llama_graph_n_input_tensors: input tensor '                         inp_pos' [i32, ne = {     1,     1,     1,     1 }] is used by node 'Qcur-24' (ROPE)
llama_graph_n_input_tensors: input tensor '                         inp_pos' [i32, ne = {     1,     1,     1,     1 }] is used by node 'Kcur-24' (ROPE)
llama_graph_n_input_tensors: input tensor '                         inp_pos' [i32, ne = {     1,     1,     1,     1 }] is used by node 'Qcur-25' (ROPE)
llama_graph_n_input_tensors: input tensor '                         inp_pos' [i32, ne = {     1,     1,     1,     1 }] is used by node 'Kcur-25' (ROPE)
llama_graph_n_input_tensors: input tensor '                         inp_pos' [i32, ne = {     1,     1,     1,     1 }] is used by node 'Qcur-26' (ROPE)
llama_graph_n_input_tensors: input tensor '                         inp_pos' [i32, ne = {     1,     1,     1,     1 }] is used by node 'Kcur-26' (ROPE)
llama_graph_n_input_tensors: input tensor '                         inp_pos' [i32, ne = {     1,     1,     1,     1 }] is used by node 'Qcur-27' (ROPE)
llama_graph_n_input_tensors: input tensor '                         inp_pos' [i32, ne = {     1,     1,     1,     1 }] is used by node 'Kcur-27' (ROPE)
llama_graph_n_input_tensors: input tensor '                         inp_pos' [i32, ne = {     1,     1,     1,     1 }] is used by node 'Qcur-28' (ROPE)
llama_graph_n_input_tensors: input tensor '                         inp_pos' [i32, ne = {     1,     1,     1,     1 }] is used by node 'Kcur-28' (ROPE)
llama_graph_n_input_tensors: input tensor '                         inp_pos' [i32, ne = {     1,     1,     1,     1 }] is used by node 'Qcur-29' (ROPE)
llama_graph_n_input_tensors: input tensor '                         inp_pos' [i32, ne = {     1,     1,     1,     1 }] is used by node 'Kcur-29' (ROPE)
llama_graph_n_input_tensors: input tensor '                         inp_pos' [i32, ne = {     1,     1,     1,     1 }] is used by node 'Qcur-30' (ROPE)
llama_graph_n_input_tensors: input tensor '                         inp_pos' [i32, ne = {     1,     1,     1,     1 }] is used by node 'Kcur-30' (ROPE)
llama_graph_n_input_tensors: input tensor '                         inp_pos' [i32, ne = {     1,     1,     1,     1 }] is used by node 'Qcur-31' (ROPE)
llama_graph_n_input_tensors: input tensor '                         inp_pos' [i32, ne = {     1,     1,     1,     1 }] is used by node 'Kcur-31' (ROPE)
llama_graph_n_input_tensors: input tensor '                      inp_tokens' [i32, ne = {     1,     1,     1,     1 }] is used by node 'embd' (GET_ROWS)
resolve_fused_ops: fused DeepSeek V4 HC pre enabled
graph_reserve: reserving a graph for ubatch with n_tokens =    1, n_seqs =  1, n_outputs =    1
llama_graph_n_input_tensors: input tensor '                         out_ids' [i32, ne = {     1,     1,     1,     1 }] is used by node 'node_1113' (GET_ROWS)
llama_graph_n_input_tensors: input tensor '                         out_ids' [i32, ne = {     1,     1,     1,     1 }] is used by node 'node_1114' (GET_ROWS)
llama_graph_n_input_tensors: input tensor '                attn_inp_kq_mask' [f16, ne = {  2048,     1,     1,     1 }] is used by node 'node_25' (FLASH_ATTN_EXT)
llama_graph_n_input_tensors: input tensor '                attn_inp_kq_mask' [f16, ne = {  2048,     1,     1,     1 }] is used by node 'node_60' (FLASH_ATTN_EXT)
llama_graph_n_input_tensors: input tensor '                attn_inp_kq_mask' [f16, ne = {  2048,     1,     1,     1 }] is used by node 'node_95' (FLASH_ATTN_EXT)
llama_graph_n_input_tensors: input tensor '                attn_inp_kq_mask' [f16, ne = {  2048,     1,     1,     1 }] is used by node 'node_130' (FLASH_ATTN_EXT)
llama_graph_n_input_tensors: input tensor '                attn_inp_kq_mask' [f16, ne = {  2048,     1,     1,     1 }] is used by node 'node_165' (FLASH_ATTN_EXT)
llama_graph_n_input_tensors: input tensor '                attn_inp_kq_mask' [f16, ne = {  2048,     1,     1,     1 }] is used by node 'node_200' (FLASH_ATTN_EXT)
llama_graph_n_input_tensors: input tensor '                attn_inp_kq_mask' [f16, ne = {  2048,     1,     1,     1 }] is used by node 'node_235' (FLASH_ATTN_EXT)
llama_graph_n_input_tensors: input tensor '                attn_inp_kq_mask' [f16, ne = {  2048,     1,     1,     1 }] is used by node 'node_270' (FLASH_ATTN_EXT)
llama_graph_n_input_tensors: input tensor '                attn_inp_kq_mask' [f16, ne = {  2048,     1,     1,     1 }] is used by node 'node_305' (FLASH_ATTN_EXT)
llama_graph_n_input_tensors: input tensor '                attn_inp_kq_mask' [f16, ne = {  2048,     1,     1,     1 }] is used by node 'node_340' (FLASH_ATTN_EXT)
llama_graph_n_input_tensors: input tensor '                attn_inp_kq_mask' [f16, ne = {  2048,     1,     1,     1 }] is used by node 'node_375' (FLASH_ATTN_EXT)
llama_graph_n_input_tensors: input tensor '                attn_inp_kq_mask' [f16, ne = {  2048,     1,     1,     1 }] is used by node 'node_410' (FLASH_ATTN_EXT)
llama_graph_n_input_tensors: input tensor '                attn_inp_kq_mask' [f16, ne = {  2048,     1,     1,     1 }] is used by node 'node_445' (FLASH_ATTN_EXT)
llama_graph_n_input_tensors: input tensor '                attn_inp_kq_mask' [f16, ne = {  2048,     1,     1,     1 }] is used by node 'node_480' (FLASH_ATTN_EXT)
llama_graph_n_input_tensors: input tensor '                attn_inp_kq_mask' [f16, ne = {  2048,     1,     1,     1 }] is used by node 'node_515' (FLASH_ATTN_EXT)
llama_graph_n_input_tensors: input tensor '                attn_inp_kq_mask' [f16, ne = {  2048,     1,     1,     1 }] is used by node 'node_550' (FLASH_ATTN_EXT)
llama_graph_n_input_tensors: input tensor '                attn_inp_kq_mask' [f16, ne = {  2048,     1,     1,     1 }] is used by node 'node_585' (FLASH_ATTN_EXT)
llama_graph_n_input_tensors: input tensor '                attn_inp_kq_mask' [f16, ne = {  2048,     1,     1,     1 }] is used by node 'node_620' (FLASH_ATTN_EXT)
llama_graph_n_input_tensors: input tensor '                attn_inp_kq_mask' [f16, ne = {  2048,     1,     1,     1 }] is used by node 'node_655' (FLASH_ATTN_EXT)
llama_graph_n_input_tensors: input tensor '                attn_inp_kq_mask' [f16, ne = {  2048,     1,     1,     1 }] is used by node 'node_690' (FLASH_ATTN_EXT)
llama_graph_n_input_tensors: input tensor '                attn_inp_kq_mask' [f16, ne = {  2048,     1,     1,     1 }] is used by node 'node_725' (FLASH_ATTN_EXT)
llama_graph_n_input_tensors: input tensor '                attn_inp_kq_mask' [f16, ne = {  2048,     1,     1,     1 }] is used by node 'node_760' (FLASH_ATTN_EXT)
llama_graph_n_input_tensors: input tensor '                attn_inp_kq_mask' [f16, ne = {  2048,     1,     1,     1 }] is used by node 'node_795' (FLASH_ATTN_EXT)
llama_graph_n_input_tensors: input tensor '                attn_inp_kq_mask' [f16, ne = {  2048,     1,     1,     1 }] is used by node 'node_830' (FLASH_ATTN_EXT)
llama_graph_n_input_tensors: input tensor '                attn_inp_kq_mask' [f16, ne = {  2048,     1,     1,     1 }] is used by node 'node_865' (FLASH_ATTN_EXT)
llama_graph_n_input_tensors: input tensor '                attn_inp_kq_mask' [f16, ne = {  2048,     1,     1,     1 }] is used by node 'node_900' (FLASH_ATTN_EXT)
llama_graph_n_input_tensors: input tensor '                attn_inp_kq_mask' [f16, ne = {  2048,     1,     1,     1 }] is used by node 'node_935' (FLASH_ATTN_EXT)
llama_graph_n_input_tensors: input tensor '                attn_inp_kq_mask' [f16, ne = {  2048,     1,     1,     1 }] is used by node 'node_970' (FLASH_ATTN_EXT)
llama_graph_n_input_tensors: input tensor '                attn_inp_kq_mask' [f16, ne = {  2048,     1,     1,     1 }] is used by node 'node_1005' (FLASH_ATTN_EXT)
llama_graph_n_input_tensors: input tensor '                attn_inp_kq_mask' [f16, ne = {  2048,     1,     1,     1 }] is used by node 'node_1040' (FLASH_ATTN_EXT)
llama_graph_n_input_tensors: input tensor '                attn_inp_kq_mask' [f16, ne = {  2048,     1,     1,     1 }] is used by node 'node_1075' (FLASH_ATTN_EXT)
llama_graph_n_input_tensors: input tensor '                attn_inp_kq_mask' [f16, ne = {  2048,     1,     1,     1 }] is used by node 'node_1110' (FLASH_ATTN_EXT)
llama_graph_n_input_tensors: input tensor '                 attn_inp_v_idxs' [i64, ne = {     1,     1,     1,     1 }] is used by node 'cache_v_l0 (view)' (SET_ROWS)
llama_graph_n_input_tensors: input tensor '                 attn_inp_v_idxs' [i64, ne = {     1,     1,     1,     1 }] is used by node 'cache_v_l1 (view)' (SET_ROWS)
llama_graph_n_input_tensors: input tensor '                 attn_inp_v_idxs' [i64, ne = {     1,     1,     1,     1 }] is used by node 'cache_v_l2 (view)' (SET_ROWS)
llama_graph_n_input_tensors: input tensor '                 attn_inp_v_idxs' [i64, ne = {     1,     1,     1,     1 }] is used by node 'cache_v_l3 (view)' (SET_ROWS)
llama_graph_n_input_tensors: input tensor '                 attn_inp_v_idxs' [i64, ne = {     1,     1,     1,     1 }] is used by node 'cache_v_l4 (view)' (SET_ROWS)
llama_graph_n_input_tensors: input tensor '                 attn_inp_v_idxs' [i64, ne = {     1,     1,     1,     1 }] is used by node 'cache_v_l5 (view)' (SET_ROWS)
llama_graph_n_input_tensors: input tensor '                 attn_inp_v_idxs' [i64, ne = {     1,     1,     1,     1 }] is used by node 'cache_v_l6 (view)' (SET_ROWS)
llama_graph_n_input_tensors: input tensor '                 attn_inp_v_idxs' [i64, ne = {     1,     1,     1,     1 }] is used by node 'cache_v_l7 (view)' (SET_ROWS)
llama_graph_n_input_tensors: input tensor '                 attn_inp_v_idxs' [i64, ne = {     1,     1,     1,     1 }] is used by node 'cache_v_l8 (view)' (SET_ROWS)
llama_graph_n_input_tensors: input tensor '                 attn_inp_v_idxs' [i64, ne = {     1,     1,     1,     1 }] is used by node 'cache_v_l9 (view)' (SET_ROWS)
llama_graph_n_input_tensors: input tensor '                 attn_inp_v_idxs' [i64, ne = {     1,     1,     1,     1 }] is used by node 'cache_v_l10 (view)' (SET_ROWS)
llama_graph_n_input_tensors: input tensor '                 attn_inp_v_idxs' [i64, ne = {     1,     1,     1,     1 }] is used by node 'cache_v_l11 (view)' (SET_ROWS)
llama_graph_n_input_tensors: input tensor '                 attn_inp_v_idxs' [i64, ne = {     1,     1,     1,     1 }] is used by node 'cache_v_l12 (view)' (SET_ROWS)
llama_graph_n_input_tensors: input tensor '                 attn_inp_v_idxs' [i64, ne = {     1,     1,     1,     1 }] is used by node 'cache_v_l13 (view)' (SET_ROWS)
llama_graph_n_input_tensors: input tensor '                 attn_inp_v_idxs' [i64, ne = {     1,     1,     1,     1 }] is used by node 'cache_v_l14 (view)' (SET_ROWS)
llama_graph_n_input_tensors: input tensor '                 attn_inp_v_idxs' [i64, ne = {     1,     1,     1,     1 }] is used by node 'cache_v_l15 (view)' (SET_ROWS)
llama_graph_n_input_tensors: input tensor '                 attn_inp_v_idxs' [i64, ne = {     1,     1,     1,     1 }] is used by node 'cache_v_l16 (view)' (SET_ROWS)
llama_graph_n_input_tensors: input tensor '                 attn_inp_v_idxs' [i64, ne = {     1,     1,     1,     1 }] is used by node 'cache_v_l17 (view)' (SET_ROWS)
llama_graph_n_input_tensors: input tensor '                 attn_inp_v_idxs' [i64, ne = {     1,     1,     1,     1 }] is used by node 'cache_v_l18 (view)' (SET_ROWS)
llama_graph_n_input_tensors: input tensor '                 attn_inp_v_idxs' [i64, ne = {     1,     1,     1,     1 }] is used by node 'cache_v_l19 (view)' (SET_ROWS)
llama_graph_n_input_tensors: input tensor '                 attn_inp_v_idxs' [i64, ne = {     1,     1,     1,     1 }] is used by node 'cache_v_l20 (view)' (SET_ROWS)
llama_graph_n_input_tensors: input tensor '                 attn_inp_v_idxs' [i64, ne = {     1,     1,     1,     1 }] is used by node 'cache_v_l21 (view)' (SET_ROWS)
llama_graph_n_input_tensors: input tensor '                 attn_inp_v_idxs' [i64, ne = {     1,     1,     1,     1 }] is used by node 'cache_v_l22 (view)' (SET_ROWS)
llama_graph_n_input_tensors: input tensor '                 attn_inp_v_idxs' [i64, ne = {     1,     1,     1,     1 }] is used by node 'cache_v_l23 (view)' (SET_ROWS)
llama_graph_n_input_tensors: input tensor '                 attn_inp_v_idxs' [i64, ne = {     1,     1,     1,     1 }] is used by node 'cache_v_l24 (view)' (SET_ROWS)
llama_graph_n_input_tensors: input tensor '                 attn_inp_v_idxs' [i64, ne = {     1,     1,     1,     1 }] is used by node 'cache_v_l25 (view)' (SET_ROWS)
llama_graph_n_input_tensors: input tensor '                 attn_inp_v_idxs' [i64, ne = {     1,     1,     1,     1 }] is used by node 'cache_v_l26 (view)' (SET_ROWS)
llama_graph_n_input_tensors: input tensor '                 attn_inp_v_idxs' [i64, ne = {     1,     1,     1,     1 }] is used by node 'cache_v_l27 (view)' (SET_ROWS)
llama_graph_n_input_tensors: input tensor '                 attn_inp_v_idxs' [i64, ne = {     1,     1,     1,     1 }] is used by node 'cache_v_l28 (view)' (SET_ROWS)
llama_graph_n_input_tensors: input tensor '                 attn_inp_v_idxs' [i64, ne = {     1,     1,     1,     1 }] is used by node 'cache_v_l29 (view)' (SET_ROWS)
llama_graph_n_input_tensors: input tensor '                 attn_inp_v_idxs' [i64, ne = {     1,     1,     1,     1 }] is used by node 'cache_v_l30 (view)' (SET_ROWS)
llama_graph_n_input_tensors: input tensor '                 attn_inp_v_idxs' [i64, ne = {     1,     1,     1,     1 }] is used by node 'cache_v_l31 (view)' (SET_ROWS)
llama_graph_n_input_tensors: input tensor '                 attn_inp_k_idxs' [i64, ne = {     1,     1,     1,     1 }] is used by node 'cache_k_l0 (view)' (SET_ROWS)
llama_graph_n_input_tensors: input tensor '                 attn_inp_k_idxs' [i64, ne = {     1,     1,     1,     1 }] is used by node 'cache_k_l1 (view)' (SET_ROWS)
llama_graph_n_input_tensors: input tensor '                 attn_inp_k_idxs' [i64, ne = {     1,     1,     1,     1 }] is used by node 'cache_k_l2 (view)' (SET_ROWS)
llama_graph_n_input_tensors: input tensor '                 attn_inp_k_idxs' [i64, ne = {     1,     1,     1,     1 }] is used by node 'cache_k_l3 (view)' (SET_ROWS)
llama_graph_n_input_tensors: input tensor '                 attn_inp_k_idxs' [i64, ne = {     1,     1,     1,     1 }] is used by node 'cache_k_l4 (view)' (SET_ROWS)
llama_graph_n_input_tensors: input tensor '                 attn_inp_k_idxs' [i64, ne = {     1,     1,     1,     1 }] is used by node 'cache_k_l5 (view)' (SET_ROWS)
llama_graph_n_input_tensors: input tensor '                 attn_inp_k_idxs' [i64, ne = {     1,     1,     1,     1 }] is used by node 'cache_k_l6 (view)' (SET_ROWS)
llama_graph_n_input_tensors: input tensor '                 attn_inp_k_idxs' [i64, ne = {     1,     1,     1,     1 }] is used by node 'cache_k_l7 (view)' (SET_ROWS)
llama_graph_n_input_tensors: input tensor '                 attn_inp_k_idxs' [i64, ne = {     1,     1,     1,     1 }] is used by node 'cache_k_l8 (view)' (SET_ROWS)
llama_graph_n_input_tensors: input tensor '                 attn_inp_k_idxs' [i64, ne = {     1,     1,     1,     1 }] is used by node 'cache_k_l9 (view)' (SET_ROWS)
llama_graph_n_input_tensors: input tensor '                 attn_inp_k_idxs' [i64, ne = {     1,     1,     1,     1 }] is used by node 'cache_k_l10 (view)' (SET_ROWS)
llama_graph_n_input_tensors: input tensor '                 attn_inp_k_idxs' [i64, ne = {     1,     1,     1,     1 }] is used by node 'cache_k_l11 (view)' (SET_ROWS)
llama_graph_n_input_tensors: input tensor '                 attn_inp_k_idxs' [i64, ne = {     1,     1,     1,     1 }] is used by node 'cache_k_l12 (view)' (SET_ROWS)
llama_graph_n_input_tensors: input tensor '                 attn_inp_k_idxs' [i64, ne = {     1,     1,     1,     1 }] is used by node 'cache_k_l13 (view)' (SET_ROWS)
llama_graph_n_input_tensors: input tensor '                 attn_inp_k_idxs' [i64, ne = {     1,     1,     1,     1 }] is used by node 'cache_k_l14 (view)' (SET_ROWS)
llama_graph_n_input_tensors: input tensor '                 attn_inp_k_idxs' [i64, ne = {     1,     1,     1,     1 }] is used by node 'cache_k_l15 (view)' (SET_ROWS)
llama_graph_n_input_tensors: input tensor '                 attn_inp_k_idxs' [i64, ne = {     1,     1,     1,     1 }] is used by node 'cache_k_l16 (view)' (SET_ROWS)
llama_graph_n_input_tensors: input tensor '                 attn_inp_k_idxs' [i64, ne = {     1,     1,     1,     1 }] is used by node 'cache_k_l17 (view)' (SET_ROWS)
llama_graph_n_input_tensors: input tensor '                 attn_inp_k_idxs' [i64, ne = {     1,     1,     1,     1 }] is used by node 'cache_k_l18 (view)' (SET_ROWS)
llama_graph_n_input_tensors: input tensor '                 attn_inp_k_idxs' [i64, ne = {     1,     1,     1,     1 }] is used by node 'cache_k_l19 (view)' (SET_ROWS)
llama_graph_n_input_tensors: input tensor '                 attn_inp_k_idxs' [i64, ne = {     1,     1,     1,     1 }] is used by node 'cache_k_l20 (view)' (SET_ROWS)
llama_graph_n_input_tensors: input tensor '                 attn_inp_k_idxs' [i64, ne = {     1,     1,     1,     1 }] is used by node 'cache_k_l21 (view)' (SET_ROWS)
llama_graph_n_input_tensors: input tensor '                 attn_inp_k_idxs' [i64, ne = {     1,     1,     1,     1 }] is used by node 'cache_k_l22 (view)' (SET_ROWS)
llama_graph_n_input_tensors: input tensor '                 attn_inp_k_idxs' [i64, ne = {     1,     1,     1,     1 }] is used by node 'cache_k_l23 (view)' (SET_ROWS)
llama_graph_n_input_tensors: input tensor '                 attn_inp_k_idxs' [i64, ne = {     1,     1,     1,     1 }] is used by node 'cache_k_l24 (view)' (SET_ROWS)
llama_graph_n_input_tensors: input tensor '                 attn_inp_k_idxs' [i64, ne = {     1,     1,     1,     1 }] is used by node 'cache_k_l25 (view)' (SET_ROWS)
llama_graph_n_input_tensors: input tensor '                 attn_inp_k_idxs' [i64, ne = {     1,     1,     1,     1 }] is used by node 'cache_k_l26 (view)' (SET_ROWS)
llama_graph_n_input_tensors: input tensor '                 attn_inp_k_idxs' [i64, ne = {     1,     1,     1,     1 }] is used by node 'cache_k_l27 (view)' (SET_ROWS)
llama_graph_n_input_tensors: input tensor '                 attn_inp_k_idxs' [i64, ne = {     1,     1,     1,     1 }] is used by node 'cache_k_l28 (view)' (SET_ROWS)
llama_graph_n_input_tensors: input tensor '                 attn_inp_k_idxs' [i64, ne = {     1,     1,     1,     1 }] is used by node 'cache_k_l29 (view)' (SET_ROWS)
llama_graph_n_input_tensors: input tensor '                 attn_inp_k_idxs' [i64, ne = {     1,     1,     1,     1 }] is used by node 'cache_k_l30 (view)' (SET_ROWS)
llama_graph_n_input_tensors: input tensor '                 attn_inp_k_idxs' [i64, ne = {     1,     1,     1,     1 }] is used by node 'cache_k_l31 (view)' (SET_ROWS)
llama_graph_n_input_tensors: input tensor '                         inp_pos' [i32, ne = {     1,     1,     1,     1 }] is used by node 'Qcur-0' (ROPE)
llama_graph_n_input_tensors: input tensor '                         inp_pos' [i32, ne = {     1,     1,     1,     1 }] is used by node 'Kcur-0' (ROPE)
llama_graph_n_input_tensors: input tensor '                         inp_pos' [i32, ne = {     1,     1,     1,     1 }] is used by node 'Qcur-1' (ROPE)
llama_graph_n_input_tensors: input tensor '                         inp_pos' [i32, ne = {     1,     1,     1,     1 }] is used by node 'Kcur-1' (ROPE)
llama_graph_n_input_tensors: input tensor '                         inp_pos' [i32, ne = {     1,     1,     1,     1 }] is used by node 'Qcur-2' (ROPE)
llama_graph_n_input_tensors: input tensor '                         inp_pos' [i32, ne = {     1,     1,     1,     1 }] is used by node 'Kcur-2' (ROPE)
llama_graph_n_input_tensors: input tensor '                         inp_pos' [i32, ne = {     1,     1,     1,     1 }] is used by node 'Qcur-3' (ROPE)
llama_graph_n_input_tensors: input tensor '                         inp_pos' [i32, ne = {     1,     1,     1,     1 }] is used by node 'Kcur-3' (ROPE)
llama_graph_n_input_tensors: input tensor '                         inp_pos' [i32, ne = {     1,     1,     1,     1 }] is used by node 'Qcur-4' (ROPE)
llama_graph_n_input_tensors: input tensor '                         inp_pos' [i32, ne = {     1,     1,     1,     1 }] is used by node 'Kcur-4' (ROPE)
llama_graph_n_input_tensors: input tensor '                         inp_pos' [i32, ne = {     1,     1,     1,     1 }] is used by node 'Qcur-5' (ROPE)
llama_graph_n_input_tensors: input tensor '                         inp_pos' [i32, ne = {     1,     1,     1,     1 }] is used by node 'Kcur-5' (ROPE)
llama_graph_n_input_tensors: input tensor '                         inp_pos' [i32, ne = {     1,     1,     1,     1 }] is used by node 'Qcur-6' (ROPE)
llama_graph_n_input_tensors: input tensor '                         inp_pos' [i32, ne = {     1,     1,     1,     1 }] is used by node 'Kcur-6' (ROPE)
llama_graph_n_input_tensors: input tensor '                         inp_pos' [i32, ne = {     1,     1,     1,     1 }] is used by node 'Qcur-7' (ROPE)
llama_graph_n_input_tensors: input tensor '                         inp_pos' [i32, ne = {     1,     1,     1,     1 }] is used by node 'Kcur-7' (ROPE)
llama_graph_n_input_tensors: input tensor '                         inp_pos' [i32, ne = {     1,     1,     1,     1 }] is used by node 'Qcur-8' (ROPE)
llama_graph_n_input_tensors: input tensor '                         inp_pos' [i32, ne = {     1,     1,     1,     1 }] is used by node 'Kcur-8' (ROPE)
llama_graph_n_input_tensors: input tensor '                         inp_pos' [i32, ne = {     1,     1,     1,     1 }] is used by node 'Qcur-9' (ROPE)
llama_graph_n_input_tensors: input tensor '                         inp_pos' [i32, ne = {     1,     1,     1,     1 }] is used by node 'Kcur-9' (ROPE)
llama_graph_n_input_tensors: input tensor '                         inp_pos' [i32, ne = {     1,     1,     1,     1 }] is used by node 'Qcur-10' (ROPE)
llama_graph_n_input_tensors: input tensor '                         inp_pos' [i32, ne = {     1,     1,     1,     1 }] is used by node 'Kcur-10' (ROPE)
llama_graph_n_input_tensors: input tensor '                         inp_pos' [i32, ne = {     1,     1,     1,     1 }] is used by node 'Qcur-11' (ROPE)
llama_graph_n_input_tensors: input tensor '                         inp_pos' [i32, ne = {     1,     1,     1,     1 }] is used by node 'Kcur-11' (ROPE)
llama_graph_n_input_tensors: input tensor '                         inp_pos' [i32, ne = {     1,     1,     1,     1 }] is used by node 'Qcur-12' (ROPE)
llama_graph_n_input_tensors: input tensor '                         inp_pos' [i32, ne = {     1,     1,     1,     1 }] is used by node 'Kcur-12' (ROPE)
llama_graph_n_input_tensors: input tensor '                         inp_pos' [i32, ne = {     1,     1,     1,     1 }] is used by node 'Qcur-13' (ROPE)
llama_graph_n_input_tensors: input tensor '                         inp_pos' [i32, ne = {     1,     1,     1,     1 }] is used by node 'Kcur-13' (ROPE)
llama_graph_n_input_tensors: input tensor '                         inp_pos' [i32, ne = {     1,     1,     1,     1 }] is used by node 'Qcur-14' (ROPE)
llama_graph_n_input_tensors: input tensor '                         inp_pos' [i32, ne = {     1,     1,     1,     1 }] is used by node 'Kcur-14' (ROPE)
llama_graph_n_input_tensors: input tensor '                         inp_pos' [i32, ne = {     1,     1,     1,     1 }] is used by node 'Qcur-15' (ROPE)
llama_graph_n_input_tensors: input tensor '                         inp_pos' [i32, ne = {     1,     1,     1,     1 }] is used by node 'Kcur-15' (ROPE)
llama_graph_n_input_tensors: input tensor '                         inp_pos' [i32, ne = {     1,     1,     1,     1 }] is used by node 'Qcur-16' (ROPE)
llama_graph_n_input_tensors: input tensor '                         inp_pos' [i32, ne = {     1,     1,     1,     1 }] is used by node 'Kcur-16' (ROPE)
llama_graph_n_input_tensors: input tensor '                         inp_pos' [i32, ne = {     1,     1,     1,     1 }] is used by node 'Qcur-17' (ROPE)
llama_graph_n_input_tensors: input tensor '                         inp_pos' [i32, ne = {     1,     1,     1,     1 }] is used by node 'Kcur-17' (ROPE)
llama_graph_n_input_tensors: input tensor '                         inp_pos' [i32, ne = {     1,     1,     1,     1 }] is used by node 'Qcur-18' (ROPE)
llama_graph_n_input_tensors: input tensor '                         inp_pos' [i32, ne = {     1,     1,     1,     1 }] is used by node 'Kcur-18' (ROPE)
llama_graph_n_input_tensors: input tensor '                         inp_pos' [i32, ne = {     1,     1,     1,     1 }] is used by node 'Qcur-19' (ROPE)
llama_graph_n_input_tensors: input tensor '                         inp_pos' [i32, ne = {     1,     1,     1,     1 }] is used by node 'Kcur-19' (ROPE)
llama_graph_n_input_tensors: input tensor '                         inp_pos' [i32, ne = {     1,     1,     1,     1 }] is used by node 'Qcur-20' (ROPE)
llama_graph_n_input_tensors: input tensor '                         inp_pos' [i32, ne = {     1,     1,     1,     1 }] is used by node 'Kcur-20' (ROPE)
llama_graph_n_input_tensors: input tensor '                         inp_pos' [i32, ne = {     1,     1,     1,     1 }] is used by node 'Qcur-21' (ROPE)
llama_graph_n_input_tensors: input tensor '                         inp_pos' [i32, ne = {     1,     1,     1,     1 }] is used by node 'Kcur-21' (ROPE)
llama_graph_n_input_tensors: input tensor '                         inp_pos' [i32, ne = {     1,     1,     1,     1 }] is used by node 'Qcur-22' (ROPE)
llama_graph_n_input_tensors: input tensor '                         inp_pos' [i32, ne = {     1,     1,     1,     1 }] is used by node 'Kcur-22' (ROPE)
llama_graph_n_input_tensors: input tensor '                         inp_pos' [i32, ne = {     1,     1,     1,     1 }] is used by node 'Qcur-23' (ROPE)
llama_graph_n_input_tensors: input tensor '                         inp_pos' [i32, ne = {     1,     1,     1,     1 }] is used by node 'Kcur-23' (ROPE)
llama_graph_n_input_tensors: input tensor '                         inp_pos' [i32, ne = {     1,     1,     1,     1 }] is used by node 'Qcur-24' (ROPE)
llama_graph_n_input_tensors: input tensor '                         inp_pos' [i32, ne = {     1,     1,     1,     1 }] is used by node 'Kcur-24' (ROPE)
llama_graph_n_input_tensors: input tensor '                         inp_pos' [i32, ne = {     1,     1,     1,     1 }] is used by node 'Qcur-25' (ROPE)
llama_graph_n_input_tensors: input tensor '                         inp_pos' [i32, ne = {     1,     1,     1,     1 }] is used by node 'Kcur-25' (ROPE)
llama_graph_n_input_tensors: input tensor '                         inp_pos' [i32, ne = {     1,     1,     1,     1 }] is used by node 'Qcur-26' (ROPE)
llama_graph_n_input_tensors: input tensor '                         inp_pos' [i32, ne = {     1,     1,     1,     1 }] is used by node 'Kcur-26' (ROPE)
llama_graph_n_input_tensors: input tensor '                         inp_pos' [i32, ne = {     1,     1,     1,     1 }] is used by node 'Qcur-27' (ROPE)
llama_graph_n_input_tensors: input tensor '                         inp_pos' [i32, ne = {     1,     1,     1,     1 }] is used by node 'Kcur-27' (ROPE)
llama_graph_n_input_tensors: input tensor '                         inp_pos' [i32, ne = {     1,     1,     1,     1 }] is used by node 'Qcur-28' (ROPE)
llama_graph_n_input_tensors: input tensor '                         inp_pos' [i32, ne = {     1,     1,     1,     1 }] is used by node 'Kcur-28' (ROPE)
llama_graph_n_input_tensors: input tensor '                         inp_pos' [i32, ne = {     1,     1,     1,     1 }] is used by node 'Qcur-29' (ROPE)
llama_graph_n_input_tensors: input tensor '                         inp_pos' [i32, ne = {     1,     1,     1,     1 }] is used by node 'Kcur-29' (ROPE)
llama_graph_n_input_tensors: input tensor '                         inp_pos' [i32, ne = {     1,     1,     1,     1 }] is used by node 'Qcur-30' (ROPE)
llama_graph_n_input_tensors: input tensor '                         inp_pos' [i32, ne = {     1,     1,     1,     1 }] is used by node 'Kcur-30' (ROPE)
llama_graph_n_input_tensors: input tensor '                         inp_pos' [i32, ne = {     1,     1,     1,     1 }] is used by node 'Qcur-31' (ROPE)
llama_graph_n_input_tensors: input tensor '                         inp_pos' [i32, ne = {     1,     1,     1,     1 }] is used by node 'Kcur-31' (ROPE)
llama_graph_n_input_tensors: input tensor '                      inp_tokens' [i32, ne = {     1,     1,     1,     1 }] is used by node 'embd' (GET_ROWS)
resolve_fused_ops: fused DeepSeek V4 HC comb enabled
graph_reserve: reserving a graph for ubatch with n_tokens =    1, n_seqs =  1, n_outputs =    1
llama_graph_n_input_tensors: input tensor '                         out_ids' [i32, ne = {     1,     1,     1,     1 }] is used by node 'node_1113' (GET_ROWS)
llama_graph_n_input_tensors: input tensor '                         out_ids' [i32, ne = {     1,     1,     1,     1 }] is used by node 'node_1114' (GET_ROWS)
llama_graph_n_input_tensors: input tensor '                attn_inp_kq_mask' [f16, ne = {  2048,     1,     1,     1 }] is used by node 'node_25' (FLASH_ATTN_EXT)
llama_graph_n_input_tensors: input tensor '                attn_inp_kq_mask' [f16, ne = {  2048,     1,     1,     1 }] is used by node 'node_60' (FLASH_ATTN_EXT)
llama_graph_n_input_tensors: input tensor '                attn_inp_kq_mask' [f16, ne = {  2048,     1,     1,     1 }] is used by node 'node_95' (FLASH_ATTN_EXT)
llama_graph_n_input_tensors: input tensor '                attn_inp_kq_mask' [f16, ne = {  2048,     1,     1,     1 }] is used by node 'node_130' (FLASH_ATTN_EXT)
llama_graph_n_input_tensors: input tensor '                attn_inp_kq_mask' [f16, ne = {  2048,     1,     1,     1 }] is used by node 'node_165' (FLASH_ATTN_EXT)
llama_graph_n_input_tensors: input tensor '                attn_inp_kq_mask' [f16, ne = {  2048,     1,     1,     1 }] is used by node 'node_200' (FLASH_ATTN_EXT)
llama_graph_n_input_tensors: input tensor '                attn_inp_kq_mask' [f16, ne = {  2048,     1,     1,     1 }] is used by node 'node_235' (FLASH_ATTN_EXT)
llama_graph_n_input_tensors: input tensor '                attn_inp_kq_mask' [f16, ne = {  2048,     1,     1,     1 }] is used by node 'node_270' (FLASH_ATTN_EXT)
llama_graph_n_input_tensors: input tensor '                attn_inp_kq_mask' [f16, ne = {  2048,     1,     1,     1 }] is used by node 'node_305' (FLASH_ATTN_EXT)
llama_graph_n_input_tensors: input tensor '                attn_inp_kq_mask' [f16, ne = {  2048,     1,     1,     1 }] is used by node 'node_340' (FLASH_ATTN_EXT)
llama_graph_n_input_tensors: input tensor '                attn_inp_kq_mask' [f16, ne = {  2048,     1,     1,     1 }] is used by node 'node_375' (FLASH_ATTN_EXT)
llama_graph_n_input_tensors: input tensor '                attn_inp_kq_mask' [f16, ne = {  2048,     1,     1,     1 }] is used by node 'node_410' (FLASH_ATTN_EXT)
llama_graph_n_input_tensors: input tensor '                attn_inp_kq_mask' [f16, ne = {  2048,     1,     1,     1 }] is used by node 'node_445' (FLASH_ATTN_EXT)
llama_graph_n_input_tensors: input tensor '                attn_inp_kq_mask' [f16, ne = {  2048,     1,     1,     1 }] is used by node 'node_480' (FLASH_ATTN_EXT)
llama_graph_n_input_tensors: input tensor '                attn_inp_kq_mask' [f16, ne = {  2048,     1,     1,     1 }] is used by node 'node_515' (FLASH_ATTN_EXT)
llama_graph_n_input_tensors: input tensor '                attn_inp_kq_mask' [f16, ne = {  2048,     1,     1,     1 }] is used by node 'node_550' (FLASH_ATTN_EXT)
llama_graph_n_input_tensors: input tensor '                attn_inp_kq_mask' [f16, ne = {  2048,     1,     1,     1 }] is used by node 'node_585' (FLASH_ATTN_EXT)
llama_graph_n_input_tensors: input tensor '                attn_inp_kq_mask' [f16, ne = {  2048,     1,     1,     1 }] is used by node 'node_620' (FLASH_ATTN_EXT)
llama_graph_n_input_tensors: input tensor '                attn_inp_kq_mask' [f16, ne = {  2048,     1,     1,     1 }] is used by node 'node_655' (FLASH_ATTN_EXT)
llama_graph_n_input_tensors: input tensor '                attn_inp_kq_mask' [f16, ne = {  2048,     1,     1,     1 }] is used by node 'node_690' (FLASH_ATTN_EXT)
llama_graph_n_input_tensors: input tensor '                attn_inp_kq_mask' [f16, ne = {  2048,     1,     1,     1 }] is used by node 'node_725' (FLASH_ATTN_EXT)
llama_graph_n_input_tensors: input tensor '                attn_inp_kq_mask' [f16, ne = {  2048,     1,     1,     1 }] is used by node 'node_760' (FLASH_ATTN_EXT)
llama_graph_n_input_tensors: input tensor '                attn_inp_kq_mask' [f16, ne = {  2048,     1,     1,     1 }] is used by node 'node_795' (FLASH_ATTN_EXT)
llama_graph_n_input_tensors: input tensor '                attn_inp_kq_mask' [f16, ne = {  2048,     1,     1,     1 }] is used by node 'node_830' (FLASH_ATTN_EXT)
llama_graph_n_input_tensors: input tensor '                attn_inp_kq_mask' [f16, ne = {  2048,     1,     1,     1 }] is used by node 'node_865' (FLASH_ATTN_EXT)
llama_graph_n_input_tensors: input tensor '                attn_inp_kq_mask' [f16, ne = {  2048,     1,     1,     1 }] is used by node 'node_900' (FLASH_ATTN_EXT)
llama_graph_n_input_tensors: input tensor '                attn_inp_kq_mask' [f16, ne = {  2048,     1,     1,     1 }] is used by node 'node_935' (FLASH_ATTN_EXT)
llama_graph_n_input_tensors: input tensor '                attn_inp_kq_mask' [f16, ne = {  2048,     1,     1,     1 }] is used by node 'node_970' (FLASH_ATTN_EXT)
llama_graph_n_input_tensors: input tensor '                attn_inp_kq_mask' [f16, ne = {  2048,     1,     1,     1 }] is used by node 'node_1005' (FLASH_ATTN_EXT)
llama_graph_n_input_tensors: input tensor '                attn_inp_kq_mask' [f16, ne = {  2048,     1,     1,     1 }] is used by node 'node_1040' (FLASH_ATTN_EXT)
llama_graph_n_input_tensors: input tensor '                attn_inp_kq_mask' [f16, ne = {  2048,     1,     1,     1 }] is used by node 'node_1075' (FLASH_ATTN_EXT)
llama_graph_n_input_tensors: input tensor '                attn_inp_kq_mask' [f16, ne = {  2048,     1,     1,     1 }] is used by node 'node_1110' (FLASH_ATTN_EXT)
llama_graph_n_input_tensors: input tensor '                 attn_inp_v_idxs' [i64, ne = {     1,     1,     1,     1 }] is used by node 'cache_v_l0 (view)' (SET_ROWS)
llama_graph_n_input_tensors: input tensor '                 attn_inp_v_idxs' [i64, ne = {     1,     1,     1,     1 }] is used by node 'cache_v_l1 (view)' (SET_ROWS)
llama_graph_n_input_tensors: input tensor '                 attn_inp_v_idxs' [i64, ne = {     1,     1,     1,     1 }] is used by node 'cache_v_l2 (view)' (SET_ROWS)
llama_graph_n_input_tensors: input tensor '                 attn_inp_v_idxs' [i64, ne = {     1,     1,     1,     1 }] is used by node 'cache_v_l3 (view)' (SET_ROWS)
llama_graph_n_input_tensors: input tensor '                 attn_inp_v_idxs' [i64, ne = {     1,     1,     1,     1 }] is used by node 'cache_v_l4 (view)' (SET_ROWS)
llama_graph_n_input_tensors: input tensor '                 attn_inp_v_idxs' [i64, ne = {     1,     1,     1,     1 }] is used by node 'cache_v_l5 (view)' (SET_ROWS)
llama_graph_n_input_tensors: input tensor '                 attn_inp_v_idxs' [i64, ne = {     1,     1,     1,     1 }] is used by node 'cache_v_l6 (view)' (SET_ROWS)
llama_graph_n_input_tensors: input tensor '                 attn_inp_v_idxs' [i64, ne = {     1,     1,     1,     1 }] is used by node 'cache_v_l7 (view)' (SET_ROWS)
llama_graph_n_input_tensors: input tensor '                 attn_inp_v_idxs' [i64, ne = {     1,     1,     1,     1 }] is used by node 'cache_v_l8 (view)' (SET_ROWS)
llama_graph_n_input_tensors: input tensor '                 attn_inp_v_idxs' [i64, ne = {     1,     1,     1,     1 }] is used by node 'cache_v_l9 (view)' (SET_ROWS)
llama_graph_n_input_tensors: input tensor '                 attn_inp_v_idxs' [i64, ne = {     1,     1,     1,     1 }] is used by node 'cache_v_l10 (view)' (SET_ROWS)
llama_graph_n_input_tensors: input tensor '                 attn_inp_v_idxs' [i64, ne = {     1,     1,     1,     1 }] is used by node 'cache_v_l11 (view)' (SET_ROWS)
llama_graph_n_input_tensors: input tensor '                 attn_inp_v_idxs' [i64, ne = {     1,     1,     1,     1 }] is used by node 'cache_v_l12 (view)' (SET_ROWS)
llama_graph_n_input_tensors: input tensor '                 attn_inp_v_idxs' [i64, ne = {     1,     1,     1,     1 }] is used by node 'cache_v_l13 (view)' (SET_ROWS)
llama_graph_n_input_tensors: input tensor '                 attn_inp_v_idxs' [i64, ne = {     1,     1,     1,     1 }] is used by node 'cache_v_l14 (view)' (SET_ROWS)
llama_graph_n_input_tensors: input tensor '                 attn_inp_v_idxs' [i64, ne = {     1,     1,     1,     1 }] is used by node 'cache_v_l15 (view)' (SET_ROWS)
llama_graph_n_input_tensors: input tensor '                 attn_inp_v_idxs' [i64, ne = {     1,     1,     1,     1 }] is used by node 'cache_v_l16 (view)' (SET_ROWS)
llama_graph_n_input_tensors: input tensor '                 attn_inp_v_idxs' [i64, ne = {     1,     1,     1,     1 }] is used by node 'cache_v_l17 (view)' (SET_ROWS)
llama_graph_n_input_tensors: input tensor '                 attn_inp_v_idxs' [i64, ne = {     1,     1,     1,     1 }] is used by node 'cache_v_l18 (view)' (SET_ROWS)
llama_graph_n_input_tensors: input tensor '                 attn_inp_v_idxs' [i64, ne = {     1,     1,     1,     1 }] is used by node 'cache_v_l19 (view)' (SET_ROWS)
llama_graph_n_input_tensors: input tensor '                 attn_inp_v_idxs' [i64, ne = {     1,     1,     1,     1 }] is used by node 'cache_v_l20 (view)' (SET_ROWS)
llama_graph_n_input_tensors: input tensor '                 attn_inp_v_idxs' [i64, ne = {     1,     1,     1,     1 }] is used by node 'cache_v_l21 (view)' (SET_ROWS)
llama_graph_n_input_tensors: input tensor '                 attn_inp_v_idxs' [i64, ne = {     1,     1,     1,     1 }] is used by node 'cache_v_l22 (view)' (SET_ROWS)
llama_graph_n_input_tensors: input tensor '                 attn_inp_v_idxs' [i64, ne = {     1,     1,     1,     1 }] is used by node 'cache_v_l23 (view)' (SET_ROWS)
llama_graph_n_input_tensors: input tensor '                 attn_inp_v_idxs' [i64, ne = {     1,     1,     1,     1 }] is used by node 'cache_v_l24 (view)' (SET_ROWS)
llama_graph_n_input_tensors: input tensor '                 attn_inp_v_idxs' [i64, ne = {     1,     1,     1,     1 }] is used by node 'cache_v_l25 (view)' (SET_ROWS)
llama_graph_n_input_tensors: input tensor '                 attn_inp_v_idxs' [i64, ne = {     1,     1,     1,     1 }] is used by node 'cache_v_l26 (view)' (SET_ROWS)
llama_graph_n_input_tensors: input tensor '                 attn_inp_v_idxs' [i64, ne = {     1,     1,     1,     1 }] is used by node 'cache_v_l27 (view)' (SET_ROWS)
llama_graph_n_input_tensors: input tensor '                 attn_inp_v_idxs' [i64, ne = {     1,     1,     1,     1 }] is used by node 'cache_v_l28 (view)' (SET_ROWS)
llama_graph_n_input_tensors: input tensor '                 attn_inp_v_idxs' [i64, ne = {     1,     1,     1,     1 }] is used by node 'cache_v_l29 (view)' (SET_ROWS)
llama_graph_n_input_tensors: input tensor '                 attn_inp_v_idxs' [i64, ne = {     1,     1,     1,     1 }] is used by node 'cache_v_l30 (view)' (SET_ROWS)
llama_graph_n_input_tensors: input tensor '                 attn_inp_v_idxs' [i64, ne = {     1,     1,     1,     1 }] is used by node 'cache_v_l31 (view)' (SET_ROWS)
llama_graph_n_input_tensors: input tensor '                 attn_inp_k_idxs' [i64, ne = {     1,     1,     1,     1 }] is used by node 'cache_k_l0 (view)' (SET_ROWS)
llama_graph_n_input_tensors: input tensor '                 attn_inp_k_idxs' [i64, ne = {     1,     1,     1,     1 }] is used by node 'cache_k_l1 (view)' (SET_ROWS)
llama_graph_n_input_tensors: input tensor '                 attn_inp_k_idxs' [i64, ne = {     1,     1,     1,     1 }] is used by node 'cache_k_l2 (view)' (SET_ROWS)
llama_graph_n_input_tensors: input tensor '                 attn_inp_k_idxs' [i64, ne = {     1,     1,     1,     1 }] is used by node 'cache_k_l3 (view)' (SET_ROWS)
llama_graph_n_input_tensors: input tensor '                 attn_inp_k_idxs' [i64, ne = {     1,     1,     1,     1 }] is used by node 'cache_k_l4 (view)' (SET_ROWS)
llama_graph_n_input_tensors: input tensor '                 attn_inp_k_idxs' [i64, ne = {     1,     1,     1,     1 }] is used by node 'cache_k_l5 (view)' (SET_ROWS)
llama_graph_n_input_tensors: input tensor '                 attn_inp_k_idxs' [i64, ne = {     1,     1,     1,     1 }] is used by node 'cache_k_l6 (view)' (SET_ROWS)
llama_graph_n_input_tensors: input tensor '                 attn_inp_k_idxs' [i64, ne = {     1,     1,     1,     1 }] is used by node 'cache_k_l7 (view)' (SET_ROWS)
llama_graph_n_input_tensors: input tensor '                 attn_inp_k_idxs' [i64, ne = {     1,     1,     1,     1 }] is used by node 'cache_k_l8 (view)' (SET_ROWS)
llama_graph_n_input_tensors: input tensor '                 attn_inp_k_idxs' [i64, ne = {     1,     1,     1,     1 }] is used by node 'cache_k_l9 (view)' (SET_ROWS)
llama_graph_n_input_tensors: input tensor '                 attn_inp_k_idxs' [i64, ne = {     1,     1,     1,     1 }] is used by node 'cache_k_l10 (view)' (SET_ROWS)
llama_graph_n_input_tensors: input tensor '                 attn_inp_k_idxs' [i64, ne = {     1,     1,     1,     1 }] is used by node 'cache_k_l11 (view)' (SET_ROWS)
llama_graph_n_input_tensors: input tensor '                 attn_inp_k_idxs' [i64, ne = {     1,     1,     1,     1 }] is used by node 'cache_k_l12 (view)' (SET_ROWS)
llama_graph_n_input_tensors: input tensor '                 attn_inp_k_idxs' [i64, ne = {     1,     1,     1,     1 }] is used by node 'cache_k_l13 (view)' (SET_ROWS)
llama_graph_n_input_tensors: input tensor '                 attn_inp_k_idxs' [i64, ne = {     1,     1,     1,     1 }] is used by node 'cache_k_l14 (view)' (SET_ROWS)
llama_graph_n_input_tensors: input tensor '                 attn_inp_k_idxs' [i64, ne = {     1,     1,     1,     1 }] is used by node 'cache_k_l15 (view)' (SET_ROWS)
llama_graph_n_input_tensors: input tensor '                 attn_inp_k_idxs' [i64, ne = {     1,     1,     1,     1 }] is used by node 'cache_k_l16 (view)' (SET_ROWS)
llama_graph_n_input_tensors: input tensor '                 attn_inp_k_idxs' [i64, ne = {     1,     1,     1,     1 }] is used by node 'cache_k_l17 (view)' (SET_ROWS)
llama_graph_n_input_tensors: input tensor '                 attn_inp_k_idxs' [i64, ne = {     1,     1,     1,     1 }] is used by node 'cache_k_l18 (view)' (SET_ROWS)
llama_graph_n_input_tensors: input tensor '                 attn_inp_k_idxs' [i64, ne = {     1,     1,     1,     1 }] is used by node 'cache_k_l19 (view)' (SET_ROWS)
llama_graph_n_input_tensors: input tensor '                 attn_inp_k_idxs' [i64, ne = {     1,     1,     1,     1 }] is used by node 'cache_k_l20 (view)' (SET_ROWS)
llama_graph_n_input_tensors: input tensor '                 attn_inp_k_idxs' [i64, ne = {     1,     1,     1,     1 }] is used by node 'cache_k_l21 (view)' (SET_ROWS)
llama_graph_n_input_tensors: input tensor '                 attn_inp_k_idxs' [i64, ne = {     1,     1,     1,     1 }] is used by node 'cache_k_l22 (view)' (SET_ROWS)
llama_graph_n_input_tensors: input tensor '                 attn_inp_k_idxs' [i64, ne = {     1,     1,     1,     1 }] is used by node 'cache_k_l23 (view)' (SET_ROWS)
llama_graph_n_input_tensors: input tensor '                 attn_inp_k_idxs' [i64, ne = {     1,     1,     1,     1 }] is used by node 'cache_k_l24 (view)' (SET_ROWS)
llama_graph_n_input_tensors: input tensor '                 attn_inp_k_idxs' [i64, ne = {     1,     1,     1,     1 }] is used by node 'cache_k_l25 (view)' (SET_ROWS)
llama_graph_n_input_tensors: input tensor '                 attn_inp_k_idxs' [i64, ne = {     1,     1,     1,     1 }] is used by node 'cache_k_l26 (view)' (SET_ROWS)
llama_graph_n_input_tensors: input tensor '                 attn_inp_k_idxs' [i64, ne = {     1,     1,     1,     1 }] is used by node 'cache_k_l27 (view)' (SET_ROWS)
llama_graph_n_input_tensors: input tensor '                 attn_inp_k_idxs' [i64, ne = {     1,     1,     1,     1 }] is used by node 'cache_k_l28 (view)' (SET_ROWS)
llama_graph_n_input_tensors: input tensor '                 attn_inp_k_idxs' [i64, ne = {     1,     1,     1,     1 }] is used by node 'cache_k_l29 (view)' (SET_ROWS)
llama_graph_n_input_tensors: input tensor '                 attn_inp_k_idxs' [i64, ne = {     1,     1,     1,     1 }] is used by node 'cache_k_l30 (view)' (SET_ROWS)
llama_graph_n_input_tensors: input tensor '                 attn_inp_k_idxs' [i64, ne = {     1,     1,     1,     1 }] is used by node 'cache_k_l31 (view)' (SET_ROWS)
llama_graph_n_input_tensors: input tensor '                         inp_pos' [i32, ne = {     1,     1,     1,     1 }] is used by node 'Qcur-0' (ROPE)
llama_graph_n_input_tensors: input tensor '                         inp_pos' [i32, ne = {     1,     1,     1,     1 }] is used by node 'Kcur-0' (ROPE)
llama_graph_n_input_tensors: input tensor '                         inp_pos' [i32, ne = {     1,     1,     1,     1 }] is used by node 'Qcur-1' (ROPE)
llama_graph_n_input_tensors: input tensor '                         inp_pos' [i32, ne = {     1,     1,     1,     1 }] is used by node 'Kcur-1' (ROPE)
llama_graph_n_input_tensors: input tensor '                         inp_pos' [i32, ne = {     1,     1,     1,     1 }] is used by node 'Qcur-2' (ROPE)
llama_graph_n_input_tensors: input tensor '                         inp_pos' [i32, ne = {     1,     1,     1,     1 }] is used by node 'Kcur-2' (ROPE)
llama_graph_n_input_tensors: input tensor '                         inp_pos' [i32, ne = {     1,     1,     1,     1 }] is used by node 'Qcur-3' (ROPE)
llama_graph_n_input_tensors: input tensor '                         inp_pos' [i32, ne = {     1,     1,     1,     1 }] is used by node 'Kcur-3' (ROPE)
llama_graph_n_input_tensors: input tensor '                         inp_pos' [i32, ne = {     1,     1,     1,     1 }] is used by node 'Qcur-4' (ROPE)
llama_graph_n_input_tensors: input tensor '                         inp_pos' [i32, ne = {     1,     1,     1,     1 }] is used by node 'Kcur-4' (ROPE)
llama_graph_n_input_tensors: input tensor '                         inp_pos' [i32, ne = {     1,     1,     1,     1 }] is used by node 'Qcur-5' (ROPE)
llama_graph_n_input_tensors: input tensor '                         inp_pos' [i32, ne = {     1,     1,     1,     1 }] is used by node 'Kcur-5' (ROPE)
llama_graph_n_input_tensors: input tensor '                         inp_pos' [i32, ne = {     1,     1,     1,     1 }] is used by node 'Qcur-6' (ROPE)
llama_graph_n_input_tensors: input tensor '                         inp_pos' [i32, ne = {     1,     1,     1,     1 }] is used by node 'Kcur-6' (ROPE)
llama_graph_n_input_tensors: input tensor '                         inp_pos' [i32, ne = {     1,     1,     1,     1 }] is used by node 'Qcur-7' (ROPE)
llama_graph_n_input_tensors: input tensor '                         inp_pos' [i32, ne = {     1,     1,     1,     1 }] is used by node 'Kcur-7' (ROPE)
llama_graph_n_input_tensors: input tensor '                         inp_pos' [i32, ne = {     1,     1,     1,     1 }] is used by node 'Qcur-8' (ROPE)
llama_graph_n_input_tensors: input tensor '                         inp_pos' [i32, ne = {     1,     1,     1,     1 }] is used by node 'Kcur-8' (ROPE)
llama_graph_n_input_tensors: input tensor '                         inp_pos' [i32, ne = {     1,     1,     1,     1 }] is used by node 'Qcur-9' (ROPE)
llama_graph_n_input_tensors: input tensor '                         inp_pos' [i32, ne = {     1,     1,     1,     1 }] is used by node 'Kcur-9' (ROPE)
llama_graph_n_input_tensors: input tensor '                         inp_pos' [i32, ne = {     1,     1,     1,     1 }] is used by node 'Qcur-10' (ROPE)
llama_graph_n_input_tensors: input tensor '                         inp_pos' [i32, ne = {     1,     1,     1,     1 }] is used by node 'Kcur-10' (ROPE)
llama_graph_n_input_tensors: input tensor '                         inp_pos' [i32, ne = {     1,     1,     1,     1 }] is used by node 'Qcur-11' (ROPE)
llama_graph_n_input_tensors: input tensor '                         inp_pos' [i32, ne = {     1,     1,     1,     1 }] is used by node 'Kcur-11' (ROPE)
llama_graph_n_input_tensors: input tensor '                         inp_pos' [i32, ne = {     1,     1,     1,     1 }] is used by node 'Qcur-12' (ROPE)
llama_graph_n_input_tensors: input tensor '                         inp_pos' [i32, ne = {     1,     1,     1,     1 }] is used by node 'Kcur-12' (ROPE)
llama_graph_n_input_tensors: input tensor '                         inp_pos' [i32, ne = {     1,     1,     1,     1 }] is used by node 'Qcur-13' (ROPE)
llama_graph_n_input_tensors: input tensor '                         inp_pos' [i32, ne = {     1,     1,     1,     1 }] is used by node 'Kcur-13' (ROPE)
llama_graph_n_input_tensors: input tensor '                         inp_pos' [i32, ne = {     1,     1,     1,     1 }] is used by node 'Qcur-14' (ROPE)
llama_graph_n_input_tensors: input tensor '                         inp_pos' [i32, ne = {     1,     1,     1,     1 }] is used by node 'Kcur-14' (ROPE)
llama_graph_n_input_tensors: input tensor '                         inp_pos' [i32, ne = {     1,     1,     1,     1 }] is used by node 'Qcur-15' (ROPE)
llama_graph_n_input_tensors: input tensor '                         inp_pos' [i32, ne = {     1,     1,     1,     1 }] is used by node 'Kcur-15' (ROPE)
llama_graph_n_input_tensors: input tensor '                         inp_pos' [i32, ne = {     1,     1,     1,     1 }] is used by node 'Qcur-16' (ROPE)
llama_graph_n_input_tensors: input tensor '                         inp_pos' [i32, ne = {     1,     1,     1,     1 }] is used by node 'Kcur-16' (ROPE)
llama_graph_n_input_tensors: input tensor '                         inp_pos' [i32, ne = {     1,     1,     1,     1 }] is used by node 'Qcur-17' (ROPE)
llama_graph_n_input_tensors: input tensor '                         inp_pos' [i32, ne = {     1,     1,     1,     1 }] is used by node 'Kcur-17' (ROPE)
llama_graph_n_input_tensors: input tensor '                         inp_pos' [i32, ne = {     1,     1,     1,     1 }] is used by node 'Qcur-18' (ROPE)
llama_graph_n_input_tensors: input tensor '                         inp_pos' [i32, ne = {     1,     1,     1,     1 }] is used by node 'Kcur-18' (ROPE)
llama_graph_n_input_tensors: input tensor '                         inp_pos' [i32, ne = {     1,     1,     1,     1 }] is used by node 'Qcur-19' (ROPE)
llama_graph_n_input_tensors: input tensor '                         inp_pos' [i32, ne = {     1,     1,     1,     1 }] is used by node 'Kcur-19' (ROPE)
llama_graph_n_input_tensors: input tensor '                         inp_pos' [i32, ne = {     1,     1,     1,     1 }] is used by node 'Qcur-20' (ROPE)
llama_graph_n_input_tensors: input tensor '                         inp_pos' [i32, ne = {     1,     1,     1,     1 }] is used by node 'Kcur-20' (ROPE)
llama_graph_n_input_tensors: input tensor '                         inp_pos' [i32, ne = {     1,     1,     1,     1 }] is used by node 'Qcur-21' (ROPE)
llama_graph_n_input_tensors: input tensor '                         inp_pos' [i32, ne = {     1,     1,     1,     1 }] is used by node 'Kcur-21' (ROPE)
llama_graph_n_input_tensors: input tensor '                         inp_pos' [i32, ne = {     1,     1,     1,     1 }] is used by node 'Qcur-22' (ROPE)
llama_graph_n_input_tensors: input tensor '                         inp_pos' [i32, ne = {     1,     1,     1,     1 }] is used by node 'Kcur-22' (ROPE)
llama_graph_n_input_tensors: input tensor '                         inp_pos' [i32, ne = {     1,     1,     1,     1 }] is used by node 'Qcur-23' (ROPE)
llama_graph_n_input_tensors: input tensor '                         inp_pos' [i32, ne = {     1,     1,     1,     1 }] is used by node 'Kcur-23' (ROPE)
llama_graph_n_input_tensors: input tensor '                         inp_pos' [i32, ne = {     1,     1,     1,     1 }] is used by node 'Qcur-24' (ROPE)
llama_graph_n_input_tensors: input tensor '                         inp_pos' [i32, ne = {     1,     1,     1,     1 }] is used by node 'Kcur-24' (ROPE)
llama_graph_n_input_tensors: input tensor '                         inp_pos' [i32, ne = {     1,     1,     1,     1 }] is used by node 'Qcur-25' (ROPE)
llama_graph_n_input_tensors: input tensor '                         inp_pos' [i32, ne = {     1,     1,     1,     1 }] is used by node 'Kcur-25' (ROPE)
llama_graph_n_input_tensors: input tensor '                         inp_pos' [i32, ne = {     1,     1,     1,     1 }] is used by node 'Qcur-26' (ROPE)
llama_graph_n_input_tensors: input tensor '                         inp_pos' [i32, ne = {     1,     1,     1,     1 }] is used by node 'Kcur-26' (ROPE)
llama_graph_n_input_tensors: input tensor '                         inp_pos' [i32, ne = {     1,     1,     1,     1 }] is used by node 'Qcur-27' (ROPE)
llama_graph_n_input_tensors: input tensor '                         inp_pos' [i32, ne = {     1,     1,     1,     1 }] is used by node 'Kcur-27' (ROPE)
llama_graph_n_input_tensors: input tensor '                         inp_pos' [i32, ne = {     1,     1,     1,     1 }] is used by node 'Qcur-28' (ROPE)
llama_graph_n_input_tensors: input tensor '                         inp_pos' [i32, ne = {     1,     1,     1,     1 }] is used by node 'Kcur-28' (ROPE)
llama_graph_n_input_tensors: input tensor '                         inp_pos' [i32, ne = {     1,     1,     1,     1 }] is used by node 'Qcur-29' (ROPE)
llama_graph_n_input_tensors: input tensor '                         inp_pos' [i32, ne = {     1,     1,     1,     1 }] is used by node 'Kcur-29' (ROPE)
llama_graph_n_input_tensors: input tensor '                         inp_pos' [i32, ne = {     1,     1,     1,     1 }] is used by node 'Qcur-30' (ROPE)
llama_graph_n_input_tensors: input tensor '                         inp_pos' [i32, ne = {     1,     1,     1,     1 }] is used by node 'Kcur-30' (ROPE)
llama_graph_n_input_tensors: input tensor '                         inp_pos' [i32, ne = {     1,     1,     1,     1 }] is used by node 'Qcur-31' (ROPE)
llama_graph_n_input_tensors: input tensor '                         inp_pos' [i32, ne = {     1,     1,     1,     1 }] is used by node 'Kcur-31' (ROPE)
llama_graph_n_input_tensors: input tensor '                      inp_tokens' [i32, ne = {     1,     1,     1,     1 }] is used by node 'embd' (GET_ROWS)
resolve_fused_ops: fused DeepSeek V4 HC post enabled
graph_reserve: reserving a graph for ubatch with n_tokens =  128, n_seqs =  1, n_outputs =  128
llama_graph_n_input_tensors: input tensor '                         out_ids' [i32, ne = {   128,     1,     1,     1 }] is used by node 'node_1113' (GET_ROWS)
llama_graph_n_input_tensors: input tensor '                         out_ids' [i32, ne = {   128,     1,     1,     1 }] is used by node 'node_1114' (GET_ROWS)
llama_graph_n_input_tensors: input tensor '                attn_inp_kq_mask' [f16, ne = {  2048,   128,     1,     1 }] is used by node 'node_25' (FLASH_ATTN_EXT)
llama_graph_n_input_tensors: input tensor '                attn_inp_kq_mask' [f16, ne = {  2048,   128,     1,     1 }] is used by node 'node_60' (FLASH_ATTN_EXT)
llama_graph_n_input_tensors: input tensor '                attn_inp_kq_mask' [f16, ne = {  2048,   128,     1,     1 }] is used by node 'node_95' (FLASH_ATTN_EXT)
llama_graph_n_input_tensors: input tensor '                attn_inp_kq_mask' [f16, ne = {  2048,   128,     1,     1 }] is used by node 'node_130' (FLASH_ATTN_EXT)
llama_graph_n_input_tensors: input tensor '                attn_inp_kq_mask' [f16, ne = {  2048,   128,     1,     1 }] is used by node 'node_165' (FLASH_ATTN_EXT)
llama_graph_n_input_tensors: input tensor '                attn_inp_kq_mask' [f16, ne = {  2048,   128,     1,     1 }] is used by node 'node_200' (FLASH_ATTN_EXT)
llama_graph_n_input_tensors: input tensor '                attn_inp_kq_mask' [f16, ne = {  2048,   128,     1,     1 }] is used by node 'node_235' (FLASH_ATTN_EXT)
llama_graph_n_input_tensors: input tensor '                attn_inp_kq_mask' [f16, ne = {  2048,   128,     1,     1 }] is used by node 'node_270' (FLASH_ATTN_EXT)
llama_graph_n_input_tensors: input tensor '                attn_inp_kq_mask' [f16, ne = {  2048,   128,     1,     1 }] is used by node 'node_305' (FLASH_ATTN_EXT)
llama_graph_n_input_tensors: input tensor '                attn_inp_kq_mask' [f16, ne = {  2048,   128,     1,     1 }] is used by node 'node_340' (FLASH_ATTN_EXT)
llama_graph_n_input_tensors: input tensor '                attn_inp_kq_mask' [f16, ne = {  2048,   128,     1,     1 }] is used by node 'node_375' (FLASH_ATTN_EXT)
llama_graph_n_input_tensors: input tensor '                attn_inp_kq_mask' [f16, ne = {  2048,   128,     1,     1 }] is used by node 'node_410' (FLASH_ATTN_EXT)
llama_graph_n_input_tensors: input tensor '                attn_inp_kq_mask' [f16, ne = {  2048,   128,     1,     1 }] is used by node 'node_445' (FLASH_ATTN_EXT)
llama_graph_n_input_tensors: input tensor '                attn_inp_kq_mask' [f16, ne = {  2048,   128,     1,     1 }] is used by node 'node_480' (FLASH_ATTN_EXT)
llama_graph_n_input_tensors: input tensor '                attn_inp_kq_mask' [f16, ne = {  2048,   128,     1,     1 }] is used by node 'node_515' (FLASH_ATTN_EXT)
llama_graph_n_input_tensors: input tensor '                attn_inp_kq_mask' [f16, ne = {  2048,   128,     1,     1 }] is used by node 'node_550' (FLASH_ATTN_EXT)
llama_graph_n_input_tensors: input tensor '                attn_inp_kq_mask' [f16, ne = {  2048,   128,     1,     1 }] is used by node 'node_585' (FLASH_ATTN_EXT)
llama_graph_n_input_tensors: input tensor '                attn_inp_kq_mask' [f16, ne = {  2048,   128,     1,     1 }] is used by node 'node_620' (FLASH_ATTN_EXT)
llama_graph_n_input_tensors: input tensor '                attn_inp_kq_mask' [f16, ne = {  2048,   128,     1,     1 }] is used by node 'node_655' (FLASH_ATTN_EXT)
llama_graph_n_input_tensors: input tensor '                attn_inp_kq_mask' [f16, ne = {  2048,   128,     1,     1 }] is used by node 'node_690' (FLASH_ATTN_EXT)
llama_graph_n_input_tensors: input tensor '                attn_inp_kq_mask' [f16, ne = {  2048,   128,     1,     1 }] is used by node 'node_725' (FLASH_ATTN_EXT)
llama_graph_n_input_tensors: input tensor '                attn_inp_kq_mask' [f16, ne = {  2048,   128,     1,     1 }] is used by node 'node_760' (FLASH_ATTN_EXT)
llama_graph_n_input_tensors: input tensor '                attn_inp_kq_mask' [f16, ne = {  2048,   128,     1,     1 }] is used by node 'node_795' (FLASH_ATTN_EXT)
llama_graph_n_input_tensors: input tensor '                attn_inp_kq_mask' [f16, ne = {  2048,   128,     1,     1 }] is used by node 'node_830' (FLASH_ATTN_EXT)
llama_graph_n_input_tensors: input tensor '                attn_inp_kq_mask' [f16, ne = {  2048,   128,     1,     1 }] is used by node 'node_865' (FLASH_ATTN_EXT)
llama_graph_n_input_tensors: input tensor '                attn_inp_kq_mask' [f16, ne = {  2048,   128,     1,     1 }] is used by node 'node_900' (FLASH_ATTN_EXT)
llama_graph_n_input_tensors: input tensor '                attn_inp_kq_mask' [f16, ne = {  2048,   128,     1,     1 }] is used by node 'node_935' (FLASH_ATTN_EXT)
llama_graph_n_input_tensors: input tensor '                attn_inp_kq_mask' [f16, ne = {  2048,   128,     1,     1 }] is used by node 'node_970' (FLASH_ATTN_EXT)
llama_graph_n_input_tensors: input tensor '                attn_inp_kq_mask' [f16, ne = {  2048,   128,     1,     1 }] is used by node 'node_1005' (FLASH_ATTN_EXT)
llama_graph_n_input_tensors: input tensor '                attn_inp_kq_mask' [f16, ne = {  2048,   128,     1,     1 }] is used by node 'node_1040' (FLASH_ATTN_EXT)
llama_graph_n_input_tensors: input tensor '                attn_inp_kq_mask' [f16, ne = {  2048,   128,     1,     1 }] is used by node 'node_1075' (FLASH_ATTN_EXT)
llama_graph_n_input_tensors: input tensor '                attn_inp_kq_mask' [f16, ne = {  2048,   128,     1,     1 }] is used by node 'node_1110' (FLASH_ATTN_EXT)
llama_graph_n_input_tensors: input tensor '                 attn_inp_v_idxs' [i64, ne = {   128,     1,     1,     1 }] is used by node 'cache_v_l0 (view)' (SET_ROWS)
llama_graph_n_input_tensors: input tensor '                 attn_inp_v_idxs' [i64, ne = {   128,     1,     1,     1 }] is used by node 'cache_v_l1 (view)' (SET_ROWS)
llama_graph_n_input_tensors: input tensor '                 attn_inp_v_idxs' [i64, ne = {   128,     1,     1,     1 }] is used by node 'cache_v_l2 (view)' (SET_ROWS)
llama_graph_n_input_tensors: input tensor '                 attn_inp_v_idxs' [i64, ne = {   128,     1,     1,     1 }] is used by node 'cache_v_l3 (view)' (SET_ROWS)
llama_graph_n_input_tensors: input tensor '                 attn_inp_v_idxs' [i64, ne = {   128,     1,     1,     1 }] is used by node 'cache_v_l4 (view)' (SET_ROWS)
llama_graph_n_input_tensors: input tensor '                 attn_inp_v_idxs' [i64, ne = {   128,     1,     1,     1 }] is used by node 'cache_v_l5 (view)' (SET_ROWS)
llama_graph_n_input_tensors: input tensor '                 attn_inp_v_idxs' [i64, ne = {   128,     1,     1,     1 }] is used by node 'cache_v_l6 (view)' (SET_ROWS)
llama_graph_n_input_tensors: input tensor '                 attn_inp_v_idxs' [i64, ne = {   128,     1,     1,     1 }] is used by node 'cache_v_l7 (view)' (SET_ROWS)
llama_graph_n_input_tensors: input tensor '                 attn_inp_v_idxs' [i64, ne = {   128,     1,     1,     1 }] is used by node 'cache_v_l8 (view)' (SET_ROWS)
llama_graph_n_input_tensors: input tensor '                 attn_inp_v_idxs' [i64, ne = {   128,     1,     1,     1 }] is used by node 'cache_v_l9 (view)' (SET_ROWS)
llama_graph_n_input_tensors: input tensor '                 attn_inp_v_idxs' [i64, ne = {   128,     1,     1,     1 }] is used by node 'cache_v_l10 (view)' (SET_ROWS)
llama_graph_n_input_tensors: input tensor '                 attn_inp_v_idxs' [i64, ne = {   128,     1,     1,     1 }] is used by node 'cache_v_l11 (view)' (SET_ROWS)
llama_graph_n_input_tensors: input tensor '                 attn_inp_v_idxs' [i64, ne = {   128,     1,     1,     1 }] is used by node 'cache_v_l12 (view)' (SET_ROWS)
llama_graph_n_input_tensors: input tensor '                 attn_inp_v_idxs' [i64, ne = {   128,     1,     1,     1 }] is used by node 'cache_v_l13 (view)' (SET_ROWS)
llama_graph_n_input_tensors: input tensor '                 attn_inp_v_idxs' [i64, ne = {   128,     1,     1,     1 }] is used by node 'cache_v_l14 (view)' (SET_ROWS)
llama_graph_n_input_tensors: input tensor '                 attn_inp_v_idxs' [i64, ne = {   128,     1,     1,     1 }] is used by node 'cache_v_l15 (view)' (SET_ROWS)
llama_graph_n_input_tensors: input tensor '                 attn_inp_v_idxs' [i64, ne = {   128,     1,     1,     1 }] is used by node 'cache_v_l16 (view)' (SET_ROWS)
llama_graph_n_input_tensors: input tensor '                 attn_inp_v_idxs' [i64, ne = {   128,     1,     1,     1 }] is used by node 'cache_v_l17 (view)' (SET_ROWS)
llama_graph_n_input_tensors: input tensor '                 attn_inp_v_idxs' [i64, ne = {   128,     1,     1,     1 }] is used by node 'cache_v_l18 (view)' (SET_ROWS)
llama_graph_n_input_tensors: input tensor '                 attn_inp_v_idxs' [i64, ne = {   128,     1,     1,     1 }] is used by node 'cache_v_l19 (view)' (SET_ROWS)
llama_graph_n_input_tensors: input tensor '                 attn_inp_v_idxs' [i64, ne = {   128,     1,     1,     1 }] is used by node 'cache_v_l20 (view)' (SET_ROWS)
llama_graph_n_input_tensors: input tensor '                 attn_inp_v_idxs' [i64, ne = {   128,     1,     1,     1 }] is used by node 'cache_v_l21 (view)' (SET_ROWS)
llama_graph_n_input_tensors: input tensor '                 attn_inp_v_idxs' [i64, ne = {   128,     1,     1,     1 }] is used by node 'cache_v_l22 (view)' (SET_ROWS)
llama_graph_n_input_tensors: input tensor '                 attn_inp_v_idxs' [i64, ne = {   128,     1,     1,     1 }] is used by node 'cache_v_l23 (view)' (SET_ROWS)
llama_graph_n_input_tensors: input tensor '                 attn_inp_v_idxs' [i64, ne = {   128,     1,     1,     1 }] is used by node 'cache_v_l24 (view)' (SET_ROWS)
llama_graph_n_input_tensors: input tensor '                 attn_inp_v_idxs' [i64, ne = {   128,     1,     1,     1 }] is used by node 'cache_v_l25 (view)' (SET_ROWS)
llama_graph_n_input_tensors: input tensor '                 attn_inp_v_idxs' [i64, ne = {   128,     1,     1,     1 }] is used by node 'cache_v_l26 (view)' (SET_ROWS)
llama_graph_n_input_tensors: input tensor '                 attn_inp_v_idxs' [i64, ne = {   128,     1,     1,     1 }] is used by node 'cache_v_l27 (view)' (SET_ROWS)
llama_graph_n_input_tensors: input tensor '                 attn_inp_v_idxs' [i64, ne = {   128,     1,     1,     1 }] is used by node 'cache_v_l28 (view)' (SET_ROWS)
llama_graph_n_input_tensors: input tensor '                 attn_inp_v_idxs' [i64, ne = {   128,     1,     1,     1 }] is used by node 'cache_v_l29 (view)' (SET_ROWS)
llama_graph_n_input_tensors: input tensor '                 attn_inp_v_idxs' [i64, ne = {   128,     1,     1,     1 }] is used by node 'cache_v_l30 (view)' (SET_ROWS)
llama_graph_n_input_tensors: input tensor '                 attn_inp_v_idxs' [i64, ne = {   128,     1,     1,     1 }] is used by node 'cache_v_l31 (view)' (SET_ROWS)
llama_graph_n_input_tensors: input tensor '                 attn_inp_k_idxs' [i64, ne = {   128,     1,     1,     1 }] is used by node 'cache_k_l0 (view)' (SET_ROWS)
llama_graph_n_input_tensors: input tensor '                 attn_inp_k_idxs' [i64, ne = {   128,     1,     1,     1 }] is used by node 'cache_k_l1 (view)' (SET_ROWS)
llama_graph_n_input_tensors: input tensor '                 attn_inp_k_idxs' [i64, ne = {   128,     1,     1,     1 }] is used by node 'cache_k_l2 (view)' (SET_ROWS)
llama_graph_n_input_tensors: input tensor '                 attn_inp_k_idxs' [i64, ne = {   128,     1,     1,     1 }] is used by node 'cache_k_l3 (view)' (SET_ROWS)
llama_graph_n_input_tensors: input tensor '                 attn_inp_k_idxs' [i64, ne = {   128,     1,     1,     1 }] is used by node 'cache_k_l4 (view)' (SET_ROWS)
llama_graph_n_input_tensors: input tensor '                 attn_inp_k_idxs' [i64, ne = {   128,     1,     1,     1 }] is used by node 'cache_k_l5 (view)' (SET_ROWS)
llama_graph_n_input_tensors: input tensor '                 attn_inp_k_idxs' [i64, ne = {   128,     1,     1,     1 }] is used by node 'cache_k_l6 (view)' (SET_ROWS)
llama_graph_n_input_tensors: input tensor '                 attn_inp_k_idxs' [i64, ne = {   128,     1,     1,     1 }] is used by node 'cache_k_l7 (view)' (SET_ROWS)
llama_graph_n_input_tensors: input tensor '                 attn_inp_k_idxs' [i64, ne = {   128,     1,     1,     1 }] is used by node 'cache_k_l8 (view)' (SET_ROWS)
llama_graph_n_input_tensors: input tensor '                 attn_inp_k_idxs' [i64, ne = {   128,     1,     1,     1 }] is used by node 'cache_k_l9 (view)' (SET_ROWS)
llama_graph_n_input_tensors: input tensor '                 attn_inp_k_idxs' [i64, ne = {   128,     1,     1,     1 }] is used by node 'cache_k_l10 (view)' (SET_ROWS)
llama_graph_n_input_tensors: input tensor '                 attn_inp_k_idxs' [i64, ne = {   128,     1,     1,     1 }] is used by node 'cache_k_l11 (view)' (SET_ROWS)
llama_graph_n_input_tensors: input tensor '                 attn_inp_k_idxs' [i64, ne = {   128,     1,     1,     1 }] is used by node 'cache_k_l12 (view)' (SET_ROWS)
llama_graph_n_input_tensors: input tensor '                 attn_inp_k_idxs' [i64, ne = {   128,     1,     1,     1 }] is used by node 'cache_k_l13 (view)' (SET_ROWS)
llama_graph_n_input_tensors: input tensor '                 attn_inp_k_idxs' [i64, ne = {   128,     1,     1,     1 }] is used by node 'cache_k_l14 (view)' (SET_ROWS)
llama_graph_n_input_tensors: input tensor '                 attn_inp_k_idxs' [i64, ne = {   128,     1,     1,     1 }] is used by node 'cache_k_l15 (view)' (SET_ROWS)
llama_graph_n_input_tensors: input tensor '                 attn_inp_k_idxs' [i64, ne = {   128,     1,     1,     1 }] is used by node 'cache_k_l16 (view)' (SET_ROWS)
llama_graph_n_input_tensors: input tensor '                 attn_inp_k_idxs' [i64, ne = {   128,     1,     1,     1 }] is used by node 'cache_k_l17 (view)' (SET_ROWS)
llama_graph_n_input_tensors: input tensor '                 attn_inp_k_idxs' [i64, ne = {   128,     1,     1,     1 }] is used by node 'cache_k_l18 (view)' (SET_ROWS)
llama_graph_n_input_tensors: input tensor '                 attn_inp_k_idxs' [i64, ne = {   128,     1,     1,     1 }] is used by node 'cache_k_l19 (view)' (SET_ROWS)
llama_graph_n_input_tensors: input tensor '                 attn_inp_k_idxs' [i64, ne = {   128,     1,     1,     1 }] is used by node 'cache_k_l20 (view)' (SET_ROWS)
llama_graph_n_input_tensors: input tensor '                 attn_inp_k_idxs' [i64, ne = {   128,     1,     1,     1 }] is used by node 'cache_k_l21 (view)' (SET_ROWS)
llama_graph_n_input_tensors: input tensor '                 attn_inp_k_idxs' [i64, ne = {   128,     1,     1,     1 }] is used by node 'cache_k_l22 (view)' (SET_ROWS)
llama_graph_n_input_tensors: input tensor '                 attn_inp_k_idxs' [i64, ne = {   128,     1,     1,     1 }] is used by node 'cache_k_l23 (view)' (SET_ROWS)
llama_graph_n_input_tensors: input tensor '                 attn_inp_k_idxs' [i64, ne = {   128,     1,     1,     1 }] is used by node 'cache_k_l24 (view)' (SET_ROWS)
llama_graph_n_input_tensors: input tensor '                 attn_inp_k_idxs' [i64, ne = {   128,     1,     1,     1 }] is used by node 'cache_k_l25 (view)' (SET_ROWS)
llama_graph_n_input_tensors: input tensor '                 attn_inp_k_idxs' [i64, ne = {   128,     1,     1,     1 }] is used by node 'cache_k_l26 (view)' (SET_ROWS)
llama_graph_n_input_tensors: input tensor '                 attn_inp_k_idxs' [i64, ne = {   128,     1,     1,     1 }] is used by node 'cache_k_l27 (view)' (SET_ROWS)
llama_graph_n_input_tensors: input tensor '                 attn_inp_k_idxs' [i64, ne = {   128,     1,     1,     1 }] is used by node 'cache_k_l28 (view)' (SET_ROWS)
llama_graph_n_input_tensors: input tensor '                 attn_inp_k_idxs' [i64, ne = {   128,     1,     1,     1 }] is used by node 'cache_k_l29 (view)' (SET_ROWS)
llama_graph_n_input_tensors: input tensor '                 attn_inp_k_idxs' [i64, ne = {   128,     1,     1,     1 }] is used by node 'cache_k_l30 (view)' (SET_ROWS)
llama_graph_n_input_tensors: input tensor '                 attn_inp_k_idxs' [i64, ne = {   128,     1,     1,     1 }] is used by node 'cache_k_l31 (view)' (SET_ROWS)
llama_graph_n_input_tensors: input tensor '                         inp_pos' [i32, ne = {   128,     1,     1,     1 }] is used by node 'Qcur-0' (ROPE)
llama_graph_n_input_tensors: input tensor '                         inp_pos' [i32, ne = {   128,     1,     1,     1 }] is used by node 'Kcur-0' (ROPE)
llama_graph_n_input_tensors: input tensor '                         inp_pos' [i32, ne = {   128,     1,     1,     1 }] is used by node 'Qcur-1' (ROPE)
llama_graph_n_input_tensors: input tensor '                         inp_pos' [i32, ne = {   128,     1,     1,     1 }] is used by node 'Kcur-1' (ROPE)
llama_graph_n_input_tensors: input tensor '                         inp_pos' [i32, ne = {   128,     1,     1,     1 }] is used by node 'Qcur-2' (ROPE)
llama_graph_n_input_tensors: input tensor '                         inp_pos' [i32, ne = {   128,     1,     1,     1 }] is used by node 'Kcur-2' (ROPE)
llama_graph_n_input_tensors: input tensor '                         inp_pos' [i32, ne = {   128,     1,     1,     1 }] is used by node 'Qcur-3' (ROPE)
llama_graph_n_input_tensors: input tensor '                         inp_pos' [i32, ne = {   128,     1,     1,     1 }] is used by node 'Kcur-3' (ROPE)
llama_graph_n_input_tensors: input tensor '                         inp_pos' [i32, ne = {   128,     1,     1,     1 }] is used by node 'Qcur-4' (ROPE)
llama_graph_n_input_tensors: input tensor '                         inp_pos' [i32, ne = {   128,     1,     1,     1 }] is used by node 'Kcur-4' (ROPE)
llama_graph_n_input_tensors: input tensor '                         inp_pos' [i32, ne = {   128,     1,     1,     1 }] is used by node 'Qcur-5' (ROPE)
llama_graph_n_input_tensors: input tensor '                         inp_pos' [i32, ne = {   128,     1,     1,     1 }] is used by node 'Kcur-5' (ROPE)
llama_graph_n_input_tensors: input tensor '                         inp_pos' [i32, ne = {   128,     1,     1,     1 }] is used by node 'Qcur-6' (ROPE)
llama_graph_n_input_tensors: input tensor '                         inp_pos' [i32, ne = {   128,     1,     1,     1 }] is used by node 'Kcur-6' (ROPE)
llama_graph_n_input_tensors: input tensor '                         inp_pos' [i32, ne = {   128,     1,     1,     1 }] is used by node 'Qcur-7' (ROPE)
llama_graph_n_input_tensors: input tensor '                         inp_pos' [i32, ne = {   128,     1,     1,     1 }] is used by node 'Kcur-7' (ROPE)
llama_graph_n_input_tensors: input tensor '                         inp_pos' [i32, ne = {   128,     1,     1,     1 }] is used by node 'Qcur-8' (ROPE)
llama_graph_n_input_tensors: input tensor '                         inp_pos' [i32, ne = {   128,     1,     1,     1 }] is used by node 'Kcur-8' (ROPE)
llama_graph_n_input_tensors: input tensor '                         inp_pos' [i32, ne = {   128,     1,     1,     1 }] is used by node 'Qcur-9' (ROPE)
llama_graph_n_input_tensors: input tensor '                         inp_pos' [i32, ne = {   128,     1,     1,     1 }] is used by node 'Kcur-9' (ROPE)
llama_graph_n_input_tensors: input tensor '                         inp_pos' [i32, ne = {   128,     1,     1,     1 }] is used by node 'Qcur-10' (ROPE)
llama_graph_n_input_tensors: input tensor '                         inp_pos' [i32, ne = {   128,     1,     1,     1 }] is used by node 'Kcur-10' (ROPE)
llama_graph_n_input_tensors: input tensor '                         inp_pos' [i32, ne = {   128,     1,     1,     1 }] is used by node 'Qcur-11' (ROPE)
llama_graph_n_input_tensors: input tensor '                         inp_pos' [i32, ne = {   128,     1,     1,     1 }] is used by node 'Kcur-11' (ROPE)
llama_graph_n_input_tensors: input tensor '                         inp_pos' [i32, ne = {   128,     1,     1,     1 }] is used by node 'Qcur-12' (ROPE)
llama_graph_n_input_tensors: input tensor '                         inp_pos' [i32, ne = {   128,     1,     1,     1 }] is used by node 'Kcur-12' (ROPE)
llama_graph_n_input_tensors: input tensor '                         inp_pos' [i32, ne = {   128,     1,     1,     1 }] is used by node 'Qcur-13' (ROPE)
llama_graph_n_input_tensors: input tensor '                         inp_pos' [i32, ne = {   128,     1,     1,     1 }] is used by node 'Kcur-13' (ROPE)
llama_graph_n_input_tensors: input tensor '                         inp_pos' [i32, ne = {   128,     1,     1,     1 }] is used by node 'Qcur-14' (ROPE)
llama_graph_n_input_tensors: input tensor '                         inp_pos' [i32, ne = {   128,     1,     1,     1 }] is used by node 'Kcur-14' (ROPE)
llama_graph_n_input_tensors: input tensor '                         inp_pos' [i32, ne = {   128,     1,     1,     1 }] is used by node 'Qcur-15' (ROPE)
llama_graph_n_input_tensors: input tensor '                         inp_pos' [i32, ne = {   128,     1,     1,     1 }] is used by node 'Kcur-15' (ROPE)
llama_graph_n_input_tensors: input tensor '                         inp_pos' [i32, ne = {   128,     1,     1,     1 }] is used by node 'Qcur-16' (ROPE)
llama_graph_n_input_tensors: input tensor '                         inp_pos' [i32, ne = {   128,     1,     1,     1 }] is used by node 'Kcur-16' (ROPE)
llama_graph_n_input_tensors: input tensor '                         inp_pos' [i32, ne = {   128,     1,     1,     1 }] is used by node 'Qcur-17' (ROPE)
llama_graph_n_input_tensors: input tensor '                         inp_pos' [i32, ne = {   128,     1,     1,     1 }] is used by node 'Kcur-17' (ROPE)
llama_graph_n_input_tensors: input tensor '                         inp_pos' [i32, ne = {   128,     1,     1,     1 }] is used by node 'Qcur-18' (ROPE)
llama_graph_n_input_tensors: input tensor '                         inp_pos' [i32, ne = {   128,     1,     1,     1 }] is used by node 'Kcur-18' (ROPE)
llama_graph_n_input_tensors: input tensor '                         inp_pos' [i32, ne = {   128,     1,     1,     1 }] is used by node 'Qcur-19' (ROPE)
llama_graph_n_input_tensors: input tensor '                         inp_pos' [i32, ne = {   128,     1,     1,     1 }] is used by node 'Kcur-19' (ROPE)
llama_graph_n_input_tensors: input tensor '                         inp_pos' [i32, ne = {   128,     1,     1,     1 }] is used by node 'Qcur-20' (ROPE)
llama_graph_n_input_tensors: input tensor '                         inp_pos' [i32, ne = {   128,     1,     1,     1 }] is used by node 'Kcur-20' (ROPE)
llama_graph_n_input_tensors: input tensor '                         inp_pos' [i32, ne = {   128,     1,     1,     1 }] is used by node 'Qcur-21' (ROPE)
llama_graph_n_input_tensors: input tensor '                         inp_pos' [i32, ne = {   128,     1,     1,     1 }] is used by node 'Kcur-21' (ROPE)
llama_graph_n_input_tensors: input tensor '                         inp_pos' [i32, ne = {   128,     1,     1,     1 }] is used by node 'Qcur-22' (ROPE)
llama_graph_n_input_tensors: input tensor '                         inp_pos' [i32, ne = {   128,     1,     1,     1 }] is used by node 'Kcur-22' (ROPE)
llama_graph_n_input_tensors: input tensor '                         inp_pos' [i32, ne = {   128,     1,     1,     1 }] is used by node 'Qcur-23' (ROPE)
llama_graph_n_input_tensors: input tensor '                         inp_pos' [i32, ne = {   128,     1,     1,     1 }] is used by node 'Kcur-23' (ROPE)
llama_graph_n_input_tensors: input tensor '                         inp_pos' [i32, ne = {   128,     1,     1,     1 }] is used by node 'Qcur-24' (ROPE)
llama_graph_n_input_tensors: input tensor '                         inp_pos' [i32, ne = {   128,     1,     1,     1 }] is used by node 'Kcur-24' (ROPE)
llama_graph_n_input_tensors: input tensor '                         inp_pos' [i32, ne = {   128,     1,     1,     1 }] is used by node 'Qcur-25' (ROPE)
llama_graph_n_input_tensors: input tensor '                         inp_pos' [i32, ne = {   128,     1,     1,     1 }] is used by node 'Kcur-25' (ROPE)
llama_graph_n_input_tensors: input tensor '                         inp_pos' [i32, ne = {   128,     1,     1,     1 }] is used by node 'Qcur-26' (ROPE)
llama_graph_n_input_tensors: input tensor '                         inp_pos' [i32, ne = {   128,     1,     1,     1 }] is used by node 'Kcur-26' (ROPE)
llama_graph_n_input_tensors: input tensor '                         inp_pos' [i32, ne = {   128,     1,     1,     1 }] is used by node 'Qcur-27' (ROPE)
llama_graph_n_input_tensors: input tensor '                         inp_pos' [i32, ne = {   128,     1,     1,     1 }] is used by node 'Kcur-27' (ROPE)
llama_graph_n_input_tensors: input tensor '                         inp_pos' [i32, ne = {   128,     1,     1,     1 }] is used by node 'Qcur-28' (ROPE)
llama_graph_n_input_tensors: input tensor '                         inp_pos' [i32, ne = {   128,     1,     1,     1 }] is used by node 'Kcur-28' (ROPE)
llama_graph_n_input_tensors: input tensor '                         inp_pos' [i32, ne = {   128,     1,     1,     1 }] is used by node 'Qcur-29' (ROPE)
llama_graph_n_input_tensors: input tensor '                         inp_pos' [i32, ne = {   128,     1,     1,     1 }] is used by node 'Kcur-29' (ROPE)
llama_graph_n_input_tensors: input tensor '                         inp_pos' [i32, ne = {   128,     1,     1,     1 }] is used by node 'Qcur-30' (ROPE)
llama_graph_n_input_tensors: input tensor '                         inp_pos' [i32, ne = {   128,     1,     1,     1 }] is used by node 'Kcur-30' (ROPE)
llama_graph_n_input_tensors: input tensor '                         inp_pos' [i32, ne = {   128,     1,     1,     1 }] is used by node 'Qcur-31' (ROPE)
llama_graph_n_input_tensors: input tensor '                         inp_pos' [i32, ne = {   128,     1,     1,     1 }] is used by node 'Kcur-31' (ROPE)
llama_graph_n_input_tensors: input tensor '                      inp_tokens' [i32, ne = {   128,     1,     1,     1 }] is used by node 'embd' (GET_ROWS)
graph_reserve: reserving a graph for ubatch with n_tokens =    1, n_seqs =  1, n_outputs =    1
llama_graph_n_input_tensors: input tensor '                         out_ids' [i32, ne = {     1,     1,     1,     1 }] is used by node 'node_1113' (GET_ROWS)
llama_graph_n_input_tensors: input tensor '                         out_ids' [i32, ne = {     1,     1,     1,     1 }] is used by node 'node_1114' (GET_ROWS)
llama_graph_n_input_tensors: input tensor '                attn_inp_kq_mask' [f16, ne = {  2048,     1,     1,     1 }] is used by node 'node_25' (FLASH_ATTN_EXT)
llama_graph_n_input_tensors: input tensor '                attn_inp_kq_mask' [f16, ne = {  2048,     1,     1,     1 }] is used by node 'node_60' (FLASH_ATTN_EXT)
llama_graph_n_input_tensors: input tensor '                attn_inp_kq_mask' [f16, ne = {  2048,     1,     1,     1 }] is used by node 'node_95' (FLASH_ATTN_EXT)
llama_graph_n_input_tensors: input tensor '                attn_inp_kq_mask' [f16, ne = {  2048,     1,     1,     1 }] is used by node 'node_130' (FLASH_ATTN_EXT)
llama_graph_n_input_tensors: input tensor '                attn_inp_kq_mask' [f16, ne = {  2048,     1,     1,     1 }] is used by node 'node_165' (FLASH_ATTN_EXT)
llama_graph_n_input_tensors: input tensor '                attn_inp_kq_mask' [f16, ne = {  2048,     1,     1,     1 }] is used by node 'node_200' (FLASH_ATTN_EXT)
llama_graph_n_input_tensors: input tensor '                attn_inp_kq_mask' [f16, ne = {  2048,     1,     1,     1 }] is used by node 'node_235' (FLASH_ATTN_EXT)
llama_graph_n_input_tensors: input tensor '                attn_inp_kq_mask' [f16, ne = {  2048,     1,     1,     1 }] is used by node 'node_270' (FLASH_ATTN_EXT)
llama_graph_n_input_tensors: input tensor '                attn_inp_kq_mask' [f16, ne = {  2048,     1,     1,     1 }] is used by node 'node_305' (FLASH_ATTN_EXT)
llama_graph_n_input_tensors: input tensor '                attn_inp_kq_mask' [f16, ne = {  2048,     1,     1,     1 }] is used by node 'node_340' (FLASH_ATTN_EXT)
llama_graph_n_input_tensors: input tensor '                attn_inp_kq_mask' [f16, ne = {  2048,     1,     1,     1 }] is used by node 'node_375' (FLASH_ATTN_EXT)
llama_graph_n_input_tensors: input tensor '                attn_inp_kq_mask' [f16, ne = {  2048,     1,     1,     1 }] is used by node 'node_410' (FLASH_ATTN_EXT)
llama_graph_n_input_tensors: input tensor '                attn_inp_kq_mask' [f16, ne = {  2048,     1,     1,     1 }] is used by node 'node_445' (FLASH_ATTN_EXT)
llama_graph_n_input_tensors: input tensor '                attn_inp_kq_mask' [f16, ne = {  2048,     1,     1,     1 }] is used by node 'node_480' (FLASH_ATTN_EXT)
llama_graph_n_input_tensors: input tensor '                attn_inp_kq_mask' [f16, ne = {  2048,     1,     1,     1 }] is used by node 'node_515' (FLASH_ATTN_EXT)
llama_graph_n_input_tensors: input tensor '                attn_inp_kq_mask' [f16, ne = {  2048,     1,     1,     1 }] is used by node 'node_550' (FLASH_ATTN_EXT)
llama_graph_n_input_tensors: input tensor '                attn_inp_kq_mask' [f16, ne = {  2048,     1,     1,     1 }] is used by node 'node_585' (FLASH_ATTN_EXT)
llama_graph_n_input_tensors: input tensor '                attn_inp_kq_mask' [f16, ne = {  2048,     1,     1,     1 }] is used by node 'node_620' (FLASH_ATTN_EXT)
llama_graph_n_input_tensors: input tensor '                attn_inp_kq_mask' [f16, ne = {  2048,     1,     1,     1 }] is used by node 'node_655' (FLASH_ATTN_EXT)
llama_graph_n_input_tensors: input tensor '                attn_inp_kq_mask' [f16, ne = {  2048,     1,     1,     1 }] is used by node 'node_690' (FLASH_ATTN_EXT)
llama_graph_n_input_tensors: input tensor '                attn_inp_kq_mask' [f16, ne = {  2048,     1,     1,     1 }] is used by node 'node_725' (FLASH_ATTN_EXT)
llama_graph_n_input_tensors: input tensor '                attn_inp_kq_mask' [f16, ne = {  2048,     1,     1,     1 }] is used by node 'node_760' (FLASH_ATTN_EXT)
llama_graph_n_input_tensors: input tensor '                attn_inp_kq_mask' [f16, ne = {  2048,     1,     1,     1 }] is used by node 'node_795' (FLASH_ATTN_EXT)
llama_graph_n_input_tensors: input tensor '                attn_inp_kq_mask' [f16, ne = {  2048,     1,     1,     1 }] is used by node 'node_830' (FLASH_ATTN_EXT)
llama_graph_n_input_tensors: input tensor '                attn_inp_kq_mask' [f16, ne = {  2048,     1,     1,     1 }] is used by node 'node_865' (FLASH_ATTN_EXT)
llama_graph_n_input_tensors: input tensor '                attn_inp_kq_mask' [f16, ne = {  2048,     1,     1,     1 }] is used by node 'node_900' (FLASH_ATTN_EXT)
llama_graph_n_input_tensors: input tensor '                attn_inp_kq_mask' [f16, ne = {  2048,     1,     1,     1 }] is used by node 'node_935' (FLASH_ATTN_EXT)
llama_graph_n_input_tensors: input tensor '                attn_inp_kq_mask' [f16, ne = {  2048,     1,     1,     1 }] is used by node 'node_970' (FLASH_ATTN_EXT)
llama_graph_n_input_tensors: input tensor '                attn_inp_kq_mask' [f16, ne = {  2048,     1,     1,     1 }] is used by node 'node_1005' (FLASH_ATTN_EXT)
llama_graph_n_input_tensors: input tensor '                attn_inp_kq_mask' [f16, ne = {  2048,     1,     1,     1 }] is used by node 'node_1040' (FLASH_ATTN_EXT)
llama_graph_n_input_tensors: input tensor '                attn_inp_kq_mask' [f16, ne = {  2048,     1,     1,     1 }] is used by node 'node_1075' (FLASH_ATTN_EXT)
llama_graph_n_input_tensors: input tensor '                attn_inp_kq_mask' [f16, ne = {  2048,     1,     1,     1 }] is used by node 'node_1110' (FLASH_ATTN_EXT)
llama_graph_n_input_tensors: input tensor '                 attn_inp_v_idxs' [i64, ne = {     1,     1,     1,     1 }] is used by node 'cache_v_l0 (view)' (SET_ROWS)
llama_graph_n_input_tensors: input tensor '                 attn_inp_v_idxs' [i64, ne = {     1,     1,     1,     1 }] is used by node 'cache_v_l1 (view)' (SET_ROWS)
llama_graph_n_input_tensors: input tensor '                 attn_inp_v_idxs' [i64, ne = {     1,     1,     1,     1 }] is used by node 'cache_v_l2 (view)' (SET_ROWS)
llama_graph_n_input_tensors: input tensor '                 attn_inp_v_idxs' [i64, ne = {     1,     1,     1,     1 }] is used by node 'cache_v_l3 (view)' (SET_ROWS)
llama_graph_n_input_tensors: input tensor '                 attn_inp_v_idxs' [i64, ne = {     1,     1,     1,     1 }] is used by node 'cache_v_l4 (view)' (SET_ROWS)
llama_graph_n_input_tensors: input tensor '                 attn_inp_v_idxs' [i64, ne = {     1,     1,     1,     1 }] is used by node 'cache_v_l5 (view)' (SET_ROWS)
llama_graph_n_input_tensors: input tensor '                 attn_inp_v_idxs' [i64, ne = {     1,     1,     1,     1 }] is used by node 'cache_v_l6 (view)' (SET_ROWS)
llama_graph_n_input_tensors: input tensor '                 attn_inp_v_idxs' [i64, ne = {     1,     1,     1,     1 }] is used by node 'cache_v_l7 (view)' (SET_ROWS)
llama_graph_n_input_tensors: input tensor '                 attn_inp_v_idxs' [i64, ne = {     1,     1,     1,     1 }] is used by node 'cache_v_l8 (view)' (SET_ROWS)
llama_graph_n_input_tensors: input tensor '                 attn_inp_v_idxs' [i64, ne = {     1,     1,     1,     1 }] is used by node 'cache_v_l9 (view)' (SET_ROWS)
llama_graph_n_input_tensors: input tensor '                 attn_inp_v_idxs' [i64, ne = {     1,     1,     1,     1 }] is used by node 'cache_v_l10 (view)' (SET_ROWS)
llama_graph_n_input_tensors: input tensor '                 attn_inp_v_idxs' [i64, ne = {     1,     1,     1,     1 }] is used by node 'cache_v_l11 (view)' (SET_ROWS)
llama_graph_n_input_tensors: input tensor '                 attn_inp_v_idxs' [i64, ne = {     1,     1,     1,     1 }] is used by node 'cache_v_l12 (view)' (SET_ROWS)
llama_graph_n_input_tensors: input tensor '                 attn_inp_v_idxs' [i64, ne = {     1,     1,     1,     1 }] is used by node 'cache_v_l13 (view)' (SET_ROWS)
llama_graph_n_input_tensors: input tensor '                 attn_inp_v_idxs' [i64, ne = {     1,     1,     1,     1 }] is used by node 'cache_v_l14 (view)' (SET_ROWS)
llama_graph_n_input_tensors: input tensor '                 attn_inp_v_idxs' [i64, ne = {     1,     1,     1,     1 }] is used by node 'cache_v_l15 (view)' (SET_ROWS)
llama_graph_n_input_tensors: input tensor '                 attn_inp_v_idxs' [i64, ne = {     1,     1,     1,     1 }] is used by node 'cache_v_l16 (view)' (SET_ROWS)
llama_graph_n_input_tensors: input tensor '                 attn_inp_v_idxs' [i64, ne = {     1,     1,     1,     1 }] is used by node 'cache_v_l17 (view)' (SET_ROWS)
llama_graph_n_input_tensors: input tensor '                 attn_inp_v_idxs' [i64, ne = {     1,     1,     1,     1 }] is used by node 'cache_v_l18 (view)' (SET_ROWS)
llama_graph_n_input_tensors: input tensor '                 attn_inp_v_idxs' [i64, ne = {     1,     1,     1,     1 }] is used by node 'cache_v_l19 (view)' (SET_ROWS)
llama_graph_n_input_tensors: input tensor '                 attn_inp_v_idxs' [i64, ne = {     1,     1,     1,     1 }] is used by node 'cache_v_l20 (view)' (SET_ROWS)
llama_graph_n_input_tensors: input tensor '                 attn_inp_v_idxs' [i64, ne = {     1,     1,     1,     1 }] is used by node 'cache_v_l21 (view)' (SET_ROWS)
llama_graph_n_input_tensors: input tensor '                 attn_inp_v_idxs' [i64, ne = {     1,     1,     1,     1 }] is used by node 'cache_v_l22 (view)' (SET_ROWS)
llama_graph_n_input_tensors: input tensor '                 attn_inp_v_idxs' [i64, ne = {     1,     1,     1,     1 }] is used by node 'cache_v_l23 (view)' (SET_ROWS)
llama_graph_n_input_tensors: input tensor '                 attn_inp_v_idxs' [i64, ne = {     1,     1,     1,     1 }] is used by node 'cache_v_l24 (view)' (SET_ROWS)
llama_graph_n_input_tensors: input tensor '                 attn_inp_v_idxs' [i64, ne = {     1,     1,     1,     1 }] is used by node 'cache_v_l25 (view)' (SET_ROWS)
llama_graph_n_input_tensors: input tensor '                 attn_inp_v_idxs' [i64, ne = {     1,     1,     1,     1 }] is used by node 'cache_v_l26 (view)' (SET_ROWS)
llama_graph_n_input_tensors: input tensor '                 attn_inp_v_idxs' [i64, ne = {     1,     1,     1,     1 }] is used by node 'cache_v_l27 (view)' (SET_ROWS)
llama_graph_n_input_tensors: input tensor '                 attn_inp_v_idxs' [i64, ne = {     1,     1,     1,     1 }] is used by node 'cache_v_l28 (view)' (SET_ROWS)
llama_graph_n_input_tensors: input tensor '                 attn_inp_v_idxs' [i64, ne = {     1,     1,     1,     1 }] is used by node 'cache_v_l29 (view)' (SET_ROWS)
llama_graph_n_input_tensors: input tensor '                 attn_inp_v_idxs' [i64, ne = {     1,     1,     1,     1 }] is used by node 'cache_v_l30 (view)' (SET_ROWS)
llama_graph_n_input_tensors: input tensor '                 attn_inp_v_idxs' [i64, ne = {     1,     1,     1,     1 }] is used by node 'cache_v_l31 (view)' (SET_ROWS)
llama_graph_n_input_tensors: input tensor '                 attn_inp_k_idxs' [i64, ne = {     1,     1,     1,     1 }] is used by node 'cache_k_l0 (view)' (SET_ROWS)
llama_graph_n_input_tensors: input tensor '                 attn_inp_k_idxs' [i64, ne = {     1,     1,     1,     1 }] is used by node 'cache_k_l1 (view)' (SET_ROWS)
llama_graph_n_input_tensors: input tensor '                 attn_inp_k_idxs' [i64, ne = {     1,     1,     1,     1 }] is used by node 'cache_k_l2 (view)' (SET_ROWS)
llama_graph_n_input_tensors: input tensor '                 attn_inp_k_idxs' [i64, ne = {     1,     1,     1,     1 }] is used by node 'cache_k_l3 (view)' (SET_ROWS)
llama_graph_n_input_tensors: input tensor '                 attn_inp_k_idxs' [i64, ne = {     1,     1,     1,     1 }] is used by node 'cache_k_l4 (view)' (SET_ROWS)
llama_graph_n_input_tensors: input tensor '                 attn_inp_k_idxs' [i64, ne = {     1,     1,     1,     1 }] is used by node 'cache_k_l5 (view)' (SET_ROWS)
llama_graph_n_input_tensors: input tensor '                 attn_inp_k_idxs' [i64, ne = {     1,     1,     1,     1 }] is used by node 'cache_k_l6 (view)' (SET_ROWS)
llama_graph_n_input_tensors: input tensor '                 attn_inp_k_idxs' [i64, ne = {     1,     1,     1,     1 }] is used by node 'cache_k_l7 (view)' (SET_ROWS)
llama_graph_n_input_tensors: input tensor '                 attn_inp_k_idxs' [i64, ne = {     1,     1,     1,     1 }] is used by node 'cache_k_l8 (view)' (SET_ROWS)
llama_graph_n_input_tensors: input tensor '                 attn_inp_k_idxs' [i64, ne = {     1,     1,     1,     1 }] is used by node 'cache_k_l9 (view)' (SET_ROWS)
llama_graph_n_input_tensors: input tensor '                 attn_inp_k_idxs' [i64, ne = {     1,     1,     1,     1 }] is used by node 'cache_k_l10 (view)' (SET_ROWS)
llama_graph_n_input_tensors: input tensor '                 attn_inp_k_idxs' [i64, ne = {     1,     1,     1,     1 }] is used by node 'cache_k_l11 (view)' (SET_ROWS)
llama_graph_n_input_tensors: input tensor '                 attn_inp_k_idxs' [i64, ne = {     1,     1,     1,     1 }] is used by node 'cache_k_l12 (view)' (SET_ROWS)
llama_graph_n_input_tensors: input tensor '                 attn_inp_k_idxs' [i64, ne = {     1,     1,     1,     1 }] is used by node 'cache_k_l13 (view)' (SET_ROWS)
llama_graph_n_input_tensors: input tensor '                 attn_inp_k_idxs' [i64, ne = {     1,     1,     1,     1 }] is used by node 'cache_k_l14 (view)' (SET_ROWS)
llama_graph_n_input_tensors: input tensor '                 attn_inp_k_idxs' [i64, ne = {     1,     1,     1,     1 }] is used by node 'cache_k_l15 (view)' (SET_ROWS)
llama_graph_n_input_tensors: input tensor '                 attn_inp_k_idxs' [i64, ne = {     1,     1,     1,     1 }] is used by node 'cache_k_l16 (view)' (SET_ROWS)
llama_graph_n_input_tensors: input tensor '                 attn_inp_k_idxs' [i64, ne = {     1,     1,     1,     1 }] is used by node 'cache_k_l17 (view)' (SET_ROWS)
llama_graph_n_input_tensors: input tensor '                 attn_inp_k_idxs' [i64, ne = {     1,     1,     1,     1 }] is used by node 'cache_k_l18 (view)' (SET_ROWS)
llama_graph_n_input_tensors: input tensor '                 attn_inp_k_idxs' [i64, ne = {     1,     1,     1,     1 }] is used by node 'cache_k_l19 (view)' (SET_ROWS)
llama_graph_n_input_tensors: input tensor '                 attn_inp_k_idxs' [i64, ne = {     1,     1,     1,     1 }] is used by node 'cache_k_l20 (view)' (SET_ROWS)
llama_graph_n_input_tensors: input tensor '                 attn_inp_k_idxs' [i64, ne = {     1,     1,     1,     1 }] is used by node 'cache_k_l21 (view)' (SET_ROWS)
llama_graph_n_input_tensors: input tensor '                 attn_inp_k_idxs' [i64, ne = {     1,     1,     1,     1 }] is used by node 'cache_k_l22 (view)' (SET_ROWS)
llama_graph_n_input_tensors: input tensor '                 attn_inp_k_idxs' [i64, ne = {     1,     1,     1,     1 }] is used by node 'cache_k_l23 (view)' (SET_ROWS)
llama_graph_n_input_tensors: input tensor '                 attn_inp_k_idxs' [i64, ne = {     1,     1,     1,     1 }] is used by node 'cache_k_l24 (view)' (SET_ROWS)
llama_graph_n_input_tensors: input tensor '                 attn_inp_k_idxs' [i64, ne = {     1,     1,     1,     1 }] is used by node 'cache_k_l25 (view)' (SET_ROWS)
llama_graph_n_input_tensors: input tensor '                 attn_inp_k_idxs' [i64, ne = {     1,     1,     1,     1 }] is used by node 'cache_k_l26 (view)' (SET_ROWS)
llama_graph_n_input_tensors: input tensor '                 attn_inp_k_idxs' [i64, ne = {     1,     1,     1,     1 }] is used by node 'cache_k_l27 (view)' (SET_ROWS)
llama_graph_n_input_tensors: input tensor '                 attn_inp_k_idxs' [i64, ne = {     1,     1,     1,     1 }] is used by node 'cache_k_l28 (view)' (SET_ROWS)
llama_graph_n_input_tensors: input tensor '                 attn_inp_k_idxs' [i64, ne = {     1,     1,     1,     1 }] is used by node 'cache_k_l29 (view)' (SET_ROWS)
llama_graph_n_input_tensors: input tensor '                 attn_inp_k_idxs' [i64, ne = {     1,     1,     1,     1 }] is used by node 'cache_k_l30 (view)' (SET_ROWS)
llama_graph_n_input_tensors: input tensor '                 attn_inp_k_idxs' [i64, ne = {     1,     1,     1,     1 }] is used by node 'cache_k_l31 (view)' (SET_ROWS)
llama_graph_n_input_tensors: input tensor '                         inp_pos' [i32, ne = {     1,     1,     1,     1 }] is used by node 'Qcur-0' (ROPE)
llama_graph_n_input_tensors: input tensor '                         inp_pos' [i32, ne = {     1,     1,     1,     1 }] is used by node 'Kcur-0' (ROPE)
llama_graph_n_input_tensors: input tensor '                         inp_pos' [i32, ne = {     1,     1,     1,     1 }] is used by node 'Qcur-1' (ROPE)
llama_graph_n_input_tensors: input tensor '                         inp_pos' [i32, ne = {     1,     1,     1,     1 }] is used by node 'Kcur-1' (ROPE)
llama_graph_n_input_tensors: input tensor '                         inp_pos' [i32, ne = {     1,     1,     1,     1 }] is used by node 'Qcur-2' (ROPE)
llama_graph_n_input_tensors: input tensor '                         inp_pos' [i32, ne = {     1,     1,     1,     1 }] is used by node 'Kcur-2' (ROPE)
llama_graph_n_input_tensors: input tensor '                         inp_pos' [i32, ne = {     1,     1,     1,     1 }] is used by node 'Qcur-3' (ROPE)
llama_graph_n_input_tensors: input tensor '                         inp_pos' [i32, ne = {     1,     1,     1,     1 }] is used by node 'Kcur-3' (ROPE)
llama_graph_n_input_tensors: input tensor '                         inp_pos' [i32, ne = {     1,     1,     1,     1 }] is used by node 'Qcur-4' (ROPE)
llama_graph_n_input_tensors: input tensor '                         inp_pos' [i32, ne = {     1,     1,     1,     1 }] is used by node 'Kcur-4' (ROPE)
llama_graph_n_input_tensors: input tensor '                         inp_pos' [i32, ne = {     1,     1,     1,     1 }] is used by node 'Qcur-5' (ROPE)
llama_graph_n_input_tensors: input tensor '                         inp_pos' [i32, ne = {     1,     1,     1,     1 }] is used by node 'Kcur-5' (ROPE)
llama_graph_n_input_tensors: input tensor '                         inp_pos' [i32, ne = {     1,     1,     1,     1 }] is used by node 'Qcur-6' (ROPE)
llama_graph_n_input_tensors: input tensor '                         inp_pos' [i32, ne = {     1,     1,     1,     1 }] is used by node 'Kcur-6' (ROPE)
llama_graph_n_input_tensors: input tensor '                         inp_pos' [i32, ne = {     1,     1,     1,     1 }] is used by node 'Qcur-7' (ROPE)
llama_graph_n_input_tensors: input tensor '                         inp_pos' [i32, ne = {     1,     1,     1,     1 }] is used by node 'Kcur-7' (ROPE)
llama_graph_n_input_tensors: input tensor '                         inp_pos' [i32, ne = {     1,     1,     1,     1 }] is used by node 'Qcur-8' (ROPE)
llama_graph_n_input_tensors: input tensor '                         inp_pos' [i32, ne = {     1,     1,     1,     1 }] is used by node 'Kcur-8' (ROPE)
llama_graph_n_input_tensors: input tensor '                         inp_pos' [i32, ne = {     1,     1,     1,     1 }] is used by node 'Qcur-9' (ROPE)
llama_graph_n_input_tensors: input tensor '                         inp_pos' [i32, ne = {     1,     1,     1,     1 }] is used by node 'Kcur-9' (ROPE)
llama_graph_n_input_tensors: input tensor '                         inp_pos' [i32, ne = {     1,     1,     1,     1 }] is used by node 'Qcur-10' (ROPE)
llama_graph_n_input_tensors: input tensor '                         inp_pos' [i32, ne = {     1,     1,     1,     1 }] is used by node 'Kcur-10' (ROPE)
llama_graph_n_input_tensors: input tensor '                         inp_pos' [i32, ne = {     1,     1,     1,     1 }] is used by node 'Qcur-11' (ROPE)
llama_graph_n_input_tensors: input tensor '                         inp_pos' [i32, ne = {     1,     1,     1,     1 }] is used by node 'Kcur-11' (ROPE)
llama_graph_n_input_tensors: input tensor '                         inp_pos' [i32, ne = {     1,     1,     1,     1 }] is used by node 'Qcur-12' (ROPE)
llama_graph_n_input_tensors: input tensor '                         inp_pos' [i32, ne = {     1,     1,     1,     1 }] is used by node 'Kcur-12' (ROPE)
llama_graph_n_input_tensors: input tensor '                         inp_pos' [i32, ne = {     1,     1,     1,     1 }] is used by node 'Qcur-13' (ROPE)
llama_graph_n_input_tensors: input tensor '                         inp_pos' [i32, ne = {     1,     1,     1,     1 }] is used by node 'Kcur-13' (ROPE)
llama_graph_n_input_tensors: input tensor '                         inp_pos' [i32, ne = {     1,     1,     1,     1 }] is used by node 'Qcur-14' (ROPE)
llama_graph_n_input_tensors: input tensor '                         inp_pos' [i32, ne = {     1,     1,     1,     1 }] is used by node 'Kcur-14' (ROPE)
llama_graph_n_input_tensors: input tensor '                         inp_pos' [i32, ne = {     1,     1,     1,     1 }] is used by node 'Qcur-15' (ROPE)
llama_graph_n_input_tensors: input tensor '                         inp_pos' [i32, ne = {     1,     1,     1,     1 }] is used by node 'Kcur-15' (ROPE)
llama_graph_n_input_tensors: input tensor '                         inp_pos' [i32, ne = {     1,     1,     1,     1 }] is used by node 'Qcur-16' (ROPE)
llama_graph_n_input_tensors: input tensor '                         inp_pos' [i32, ne = {     1,     1,     1,     1 }] is used by node 'Kcur-16' (ROPE)
llama_graph_n_input_tensors: input tensor '                         inp_pos' [i32, ne = {     1,     1,     1,     1 }] is used by node 'Qcur-17' (ROPE)
llama_graph_n_input_tensors: input tensor '                         inp_pos' [i32, ne = {     1,     1,     1,     1 }] is used by node 'Kcur-17' (ROPE)
llama_graph_n_input_tensors: input tensor '                         inp_pos' [i32, ne = {     1,     1,     1,     1 }] is used by node 'Qcur-18' (ROPE)
llama_graph_n_input_tensors: input tensor '                         inp_pos' [i32, ne = {     1,     1,     1,     1 }] is used by node 'Kcur-18' (ROPE)
llama_graph_n_input_tensors: input tensor '                         inp_pos' [i32, ne = {     1,     1,     1,     1 }] is used by node 'Qcur-19' (ROPE)
llama_graph_n_input_tensors: input tensor '                         inp_pos' [i32, ne = {     1,     1,     1,     1 }] is used by node 'Kcur-19' (ROPE)
llama_graph_n_input_tensors: input tensor '                         inp_pos' [i32, ne = {     1,     1,     1,     1 }] is used by node 'Qcur-20' (ROPE)
llama_graph_n_input_tensors: input tensor '                         inp_pos' [i32, ne = {     1,     1,     1,     1 }] is used by node 'Kcur-20' (ROPE)
llama_graph_n_input_tensors: input tensor '                         inp_pos' [i32, ne = {     1,     1,     1,     1 }] is used by node 'Qcur-21' (ROPE)
llama_graph_n_input_tensors: input tensor '                         inp_pos' [i32, ne = {     1,     1,     1,     1 }] is used by node 'Kcur-21' (ROPE)
llama_graph_n_input_tensors: input tensor '                         inp_pos' [i32, ne = {     1,     1,     1,     1 }] is used by node 'Qcur-22' (ROPE)
llama_graph_n_input_tensors: input tensor '                         inp_pos' [i32, ne = {     1,     1,     1,     1 }] is used by node 'Kcur-22' (ROPE)
llama_graph_n_input_tensors: input tensor '                         inp_pos' [i32, ne = {     1,     1,     1,     1 }] is used by node 'Qcur-23' (ROPE)
llama_graph_n_input_tensors: input tensor '                         inp_pos' [i32, ne = {     1,     1,     1,     1 }] is used by node 'Kcur-23' (ROPE)
llama_graph_n_input_tensors: input tensor '                         inp_pos' [i32, ne = {     1,     1,     1,     1 }] is used by node 'Qcur-24' (ROPE)
llama_graph_n_input_tensors: input tensor '                         inp_pos' [i32, ne = {     1,     1,     1,     1 }] is used by node 'Kcur-24' (ROPE)
llama_graph_n_input_tensors: input tensor '                         inp_pos' [i32, ne = {     1,     1,     1,     1 }] is used by node 'Qcur-25' (ROPE)
llama_graph_n_input_tensors: input tensor '                         inp_pos' [i32, ne = {     1,     1,     1,     1 }] is used by node 'Kcur-25' (ROPE)
llama_graph_n_input_tensors: input tensor '                         inp_pos' [i32, ne = {     1,     1,     1,     1 }] is used by node 'Qcur-26' (ROPE)
llama_graph_n_input_tensors: input tensor '                         inp_pos' [i32, ne = {     1,     1,     1,     1 }] is used by node 'Kcur-26' (ROPE)
llama_graph_n_input_tensors: input tensor '                         inp_pos' [i32, ne = {     1,     1,     1,     1 }] is used by node 'Qcur-27' (ROPE)
llama_graph_n_input_tensors: input tensor '                         inp_pos' [i32, ne = {     1,     1,     1,     1 }] is used by node 'Kcur-27' (ROPE)
llama_graph_n_input_tensors: input tensor '                         inp_pos' [i32, ne = {     1,     1,     1,     1 }] is used by node 'Qcur-28' (ROPE)
llama_graph_n_input_tensors: input tensor '                         inp_pos' [i32, ne = {     1,     1,     1,     1 }] is used by node 'Kcur-28' (ROPE)
llama_graph_n_input_tensors: input tensor '                         inp_pos' [i32, ne = {     1,     1,     1,     1 }] is used by node 'Qcur-29' (ROPE)
llama_graph_n_input_tensors: input tensor '                         inp_pos' [i32, ne = {     1,     1,     1,     1 }] is used by node 'Kcur-29' (ROPE)
llama_graph_n_input_tensors: input tensor '                         inp_pos' [i32, ne = {     1,     1,     1,     1 }] is used by node 'Qcur-30' (ROPE)
llama_graph_n_input_tensors: input tensor '                         inp_pos' [i32, ne = {     1,     1,     1,     1 }] is used by node 'Kcur-30' (ROPE)
llama_graph_n_input_tensors: input tensor '                         inp_pos' [i32, ne = {     1,     1,     1,     1 }] is used by node 'Qcur-31' (ROPE)
llama_graph_n_input_tensors: input tensor '                         inp_pos' [i32, ne = {     1,     1,     1,     1 }] is used by node 'Kcur-31' (ROPE)
llama_graph_n_input_tensors: input tensor '                      inp_tokens' [i32, ne = {     1,     1,     1,     1 }] is used by node 'embd' (GET_ROWS)
graph_reserve: reserving a graph for ubatch with n_tokens =  128, n_seqs =  1, n_outputs =  128
llama_graph_n_input_tensors: input tensor '                         out_ids' [i32, ne = {   128,     1,     1,     1 }] is used by node 'node_1113' (GET_ROWS)
llama_graph_n_input_tensors: input tensor '                         out_ids' [i32, ne = {   128,     1,     1,     1 }] is used by node 'node_1114' (GET_ROWS)
llama_graph_n_input_tensors: input tensor '                attn_inp_kq_mask' [f16, ne = {  2048,   128,     1,     1 }] is used by node 'node_25' (FLASH_ATTN_EXT)
llama_graph_n_input_tensors: input tensor '                attn_inp_kq_mask' [f16, ne = {  2048,   128,     1,     1 }] is used by node 'node_60' (FLASH_ATTN_EXT)
llama_graph_n_input_tensors: input tensor '                attn_inp_kq_mask' [f16, ne = {  2048,   128,     1,     1 }] is used by node 'node_95' (FLASH_ATTN_EXT)
llama_graph_n_input_tensors: input tensor '                attn_inp_kq_mask' [f16, ne = {  2048,   128,     1,     1 }] is used by node 'node_130' (FLASH_ATTN_EXT)
llama_graph_n_input_tensors: input tensor '                attn_inp_kq_mask' [f16, ne = {  2048,   128,     1,     1 }] is used by node 'node_165' (FLASH_ATTN_EXT)
llama_graph_n_input_tensors: input tensor '                attn_inp_kq_mask' [f16, ne = {  2048,   128,     1,     1 }] is used by node 'node_200' (FLASH_ATTN_EXT)
llama_graph_n_input_tensors: input tensor '                attn_inp_kq_mask' [f16, ne = {  2048,   128,     1,     1 }] is used by node 'node_235' (FLASH_ATTN_EXT)
llama_graph_n_input_tensors: input tensor '                attn_inp_kq_mask' [f16, ne = {  2048,   128,     1,     1 }] is used by node 'node_270' (FLASH_ATTN_EXT)
llama_graph_n_input_tensors: input tensor '                attn_inp_kq_mask' [f16, ne = {  2048,   128,     1,     1 }] is used by node 'node_305' (FLASH_ATTN_EXT)
llama_graph_n_input_tensors: input tensor '                attn_inp_kq_mask' [f16, ne = {  2048,   128,     1,     1 }] is used by node 'node_340' (FLASH_ATTN_EXT)
llama_graph_n_input_tensors: input tensor '                attn_inp_kq_mask' [f16, ne = {  2048,   128,     1,     1 }] is used by node 'node_375' (FLASH_ATTN_EXT)
llama_graph_n_input_tensors: input tensor '                attn_inp_kq_mask' [f16, ne = {  2048,   128,     1,     1 }] is used by node 'node_410' (FLASH_ATTN_EXT)
llama_graph_n_input_tensors: input tensor '                attn_inp_kq_mask' [f16, ne = {  2048,   128,     1,     1 }] is used by node 'node_445' (FLASH_ATTN_EXT)
llama_graph_n_input_tensors: input tensor '                attn_inp_kq_mask' [f16, ne = {  2048,   128,     1,     1 }] is used by node 'node_480' (FLASH_ATTN_EXT)
llama_graph_n_input_tensors: input tensor '                attn_inp_kq_mask' [f16, ne = {  2048,   128,     1,     1 }] is used by node 'node_515' (FLASH_ATTN_EXT)
llama_graph_n_input_tensors: input tensor '                attn_inp_kq_mask' [f16, ne = {  2048,   128,     1,     1 }] is used by node 'node_550' (FLASH_ATTN_EXT)
llama_graph_n_input_tensors: input tensor '                attn_inp_kq_mask' [f16, ne = {  2048,   128,     1,     1 }] is used by node 'node_585' (FLASH_ATTN_EXT)
llama_graph_n_input_tensors: input tensor '                attn_inp_kq_mask' [f16, ne = {  2048,   128,     1,     1 }] is used by node 'node_620' (FLASH_ATTN_EXT)
llama_graph_n_input_tensors: input tensor '                attn_inp_kq_mask' [f16, ne = {  2048,   128,     1,     1 }] is used by node 'node_655' (FLASH_ATTN_EXT)
llama_graph_n_input_tensors: input tensor '                attn_inp_kq_mask' [f16, ne = {  2048,   128,     1,     1 }] is used by node 'node_690' (FLASH_ATTN_EXT)
llama_graph_n_input_tensors: input tensor '                attn_inp_kq_mask' [f16, ne = {  2048,   128,     1,     1 }] is used by node 'node_725' (FLASH_ATTN_EXT)
llama_graph_n_input_tensors: input tensor '                attn_inp_kq_mask' [f16, ne = {  2048,   128,     1,     1 }] is used by node 'node_760' (FLASH_ATTN_EXT)
llama_graph_n_input_tensors: input tensor '                attn_inp_kq_mask' [f16, ne = {  2048,   128,     1,     1 }] is used by node 'node_795' (FLASH_ATTN_EXT)
llama_graph_n_input_tensors: input tensor '                attn_inp_kq_mask' [f16, ne = {  2048,   128,     1,     1 }] is used by node 'node_830' (FLASH_ATTN_EXT)
llama_graph_n_input_tensors: input tensor '                attn_inp_kq_mask' [f16, ne = {  2048,   128,     1,     1 }] is used by node 'node_865' (FLASH_ATTN_EXT)
llama_graph_n_input_tensors: input tensor '                attn_inp_kq_mask' [f16, ne = {  2048,   128,     1,     1 }] is used by node 'node_900' (FLASH_ATTN_EXT)
llama_graph_n_input_tensors: input tensor '                attn_inp_kq_mask' [f16, ne = {  2048,   128,     1,     1 }] is used by node 'node_935' (FLASH_ATTN_EXT)
llama_graph_n_input_tensors: input tensor '                attn_inp_kq_mask' [f16, ne = {  2048,   128,     1,     1 }] is used by node 'node_970' (FLASH_ATTN_EXT)
llama_graph_n_input_tensors: input tensor '                attn_inp_kq_mask' [f16, ne = {  2048,   128,     1,     1 }] is used by node 'node_1005' (FLASH_ATTN_EXT)
llama_graph_n_input_tensors: input tensor '                attn_inp_kq_mask' [f16, ne = {  2048,   128,     1,     1 }] is used by node 'node_1040' (FLASH_ATTN_EXT)
llama_graph_n_input_tensors: input tensor '                attn_inp_kq_mask' [f16, ne = {  2048,   128,     1,     1 }] is used by node 'node_1075' (FLASH_ATTN_EXT)
llama_graph_n_input_tensors: input tensor '                attn_inp_kq_mask' [f16, ne = {  2048,   128,     1,     1 }] is used by node 'node_1110' (FLASH_ATTN_EXT)
llama_graph_n_input_tensors: input tensor '                 attn_inp_v_idxs' [i64, ne = {   128,     1,     1,     1 }] is used by node 'cache_v_l0 (view)' (SET_ROWS)
llama_graph_n_input_tensors: input tensor '                 attn_inp_v_idxs' [i64, ne = {   128,     1,     1,     1 }] is used by node 'cache_v_l1 (view)' (SET_ROWS)
llama_graph_n_input_tensors: input tensor '                 attn_inp_v_idxs' [i64, ne = {   128,     1,     1,     1 }] is used by node 'cache_v_l2 (view)' (SET_ROWS)
llama_graph_n_input_tensors: input tensor '                 attn_inp_v_idxs' [i64, ne = {   128,     1,     1,     1 }] is used by node 'cache_v_l3 (view)' (SET_ROWS)
llama_graph_n_input_tensors: input tensor '                 attn_inp_v_idxs' [i64, ne = {   128,     1,     1,     1 }] is used by node 'cache_v_l4 (view)' (SET_ROWS)
llama_graph_n_input_tensors: input tensor '                 attn_inp_v_idxs' [i64, ne = {   128,     1,     1,     1 }] is used by node 'cache_v_l5 (view)' (SET_ROWS)
llama_graph_n_input_tensors: input tensor '                 attn_inp_v_idxs' [i64, ne = {   128,     1,     1,     1 }] is used by node 'cache_v_l6 (view)' (SET_ROWS)
llama_graph_n_input_tensors: input tensor '                 attn_inp_v_idxs' [i64, ne = {   128,     1,     1,     1 }] is used by node 'cache_v_l7 (view)' (SET_ROWS)
llama_graph_n_input_tensors: input tensor '                 attn_inp_v_idxs' [i64, ne = {   128,     1,     1,     1 }] is used by node 'cache_v_l8 (view)' (SET_ROWS)
llama_graph_n_input_tensors: input tensor '                 attn_inp_v_idxs' [i64, ne = {   128,     1,     1,     1 }] is used by node 'cache_v_l9 (view)' (SET_ROWS)
llama_graph_n_input_tensors: input tensor '                 attn_inp_v_idxs' [i64, ne = {   128,     1,     1,     1 }] is used by node 'cache_v_l10 (view)' (SET_ROWS)
llama_graph_n_input_tensors: input tensor '                 attn_inp_v_idxs' [i64, ne = {   128,     1,     1,     1 }] is used by node 'cache_v_l11 (view)' (SET_ROWS)
llama_graph_n_input_tensors: input tensor '                 attn_inp_v_idxs' [i64, ne = {   128,     1,     1,     1 }] is used by node 'cache_v_l12 (view)' (SET_ROWS)
llama_graph_n_input_tensors: input tensor '                 attn_inp_v_idxs' [i64, ne = {   128,     1,     1,     1 }] is used by node 'cache_v_l13 (view)' (SET_ROWS)
llama_graph_n_input_tensors: input tensor '                 attn_inp_v_idxs' [i64, ne = {   128,     1,     1,     1 }] is used by node 'cache_v_l14 (view)' (SET_ROWS)
llama_graph_n_input_tensors: input tensor '                 attn_inp_v_idxs' [i64, ne = {   128,     1,     1,     1 }] is used by node 'cache_v_l15 (view)' (SET_ROWS)
llama_graph_n_input_tensors: input tensor '                 attn_inp_v_idxs' [i64, ne = {   128,     1,     1,     1 }] is used by node 'cache_v_l16 (view)' (SET_ROWS)
llama_graph_n_input_tensors: input tensor '                 attn_inp_v_idxs' [i64, ne = {   128,     1,     1,     1 }] is used by node 'cache_v_l17 (view)' (SET_ROWS)
llama_graph_n_input_tensors: input tensor '                 attn_inp_v_idxs' [i64, ne = {   128,     1,     1,     1 }] is used by node 'cache_v_l18 (view)' (SET_ROWS)
llama_graph_n_input_tensors: input tensor '                 attn_inp_v_idxs' [i64, ne = {   128,     1,     1,     1 }] is used by node 'cache_v_l19 (view)' (SET_ROWS)
llama_graph_n_input_tensors: input tensor '                 attn_inp_v_idxs' [i64, ne = {   128,     1,     1,     1 }] is used by node 'cache_v_l20 (view)' (SET_ROWS)
llama_graph_n_input_tensors: input tensor '                 attn_inp_v_idxs' [i64, ne = {   128,     1,     1,     1 }] is used by node 'cache_v_l21 (view)' (SET_ROWS)
llama_graph_n_input_tensors: input tensor '                 attn_inp_v_idxs' [i64, ne = {   128,     1,     1,     1 }] is used by node 'cache_v_l22 (view)' (SET_ROWS)
llama_graph_n_input_tensors: input tensor '                 attn_inp_v_idxs' [i64, ne = {   128,     1,     1,     1 }] is used by node 'cache_v_l23 (view)' (SET_ROWS)
llama_graph_n_input_tensors: input tensor '                 attn_inp_v_idxs' [i64, ne = {   128,     1,     1,     1 }] is used by node 'cache_v_l24 (view)' (SET_ROWS)
llama_graph_n_input_tensors: input tensor '                 attn_inp_v_idxs' [i64, ne = {   128,     1,     1,     1 }] is used by node 'cache_v_l25 (view)' (SET_ROWS)
llama_graph_n_input_tensors: input tensor '                 attn_inp_v_idxs' [i64, ne = {   128,     1,     1,     1 }] is used by node 'cache_v_l26 (view)' (SET_ROWS)
llama_graph_n_input_tensors: input tensor '                 attn_inp_v_idxs' [i64, ne = {   128,     1,     1,     1 }] is used by node 'cache_v_l27 (view)' (SET_ROWS)
llama_graph_n_input_tensors: input tensor '                 attn_inp_v_idxs' [i64, ne = {   128,     1,     1,     1 }] is used by node 'cache_v_l28 (view)' (SET_ROWS)
llama_graph_n_input_tensors: input tensor '                 attn_inp_v_idxs' [i64, ne = {   128,     1,     1,     1 }] is used by node 'cache_v_l29 (view)' (SET_ROWS)
llama_graph_n_input_tensors: input tensor '                 attn_inp_v_idxs' [i64, ne = {   128,     1,     1,     1 }] is used by node 'cache_v_l30 (view)' (SET_ROWS)
llama_graph_n_input_tensors: input tensor '                 attn_inp_v_idxs' [i64, ne = {   128,     1,     1,     1 }] is used by node 'cache_v_l31 (view)' (SET_ROWS)
llama_graph_n_input_tensors: input tensor '                 attn_inp_k_idxs' [i64, ne = {   128,     1,     1,     1 }] is used by node 'cache_k_l0 (view)' (SET_ROWS)
llama_graph_n_input_tensors: input tensor '                 attn_inp_k_idxs' [i64, ne = {   128,     1,     1,     1 }] is used by node 'cache_k_l1 (view)' (SET_ROWS)
llama_graph_n_input_tensors: input tensor '                 attn_inp_k_idxs' [i64, ne = {   128,     1,     1,     1 }] is used by node 'cache_k_l2 (view)' (SET_ROWS)
llama_graph_n_input_tensors: input tensor '                 attn_inp_k_idxs' [i64, ne = {   128,     1,     1,     1 }] is used by node 'cache_k_l3 (view)' (SET_ROWS)
llama_graph_n_input_tensors: input tensor '                 attn_inp_k_idxs' [i64, ne = {   128,     1,     1,     1 }] is used by node 'cache_k_l4 (view)' (SET_ROWS)
llama_graph_n_input_tensors: input tensor '                 attn_inp_k_idxs' [i64, ne = {   128,     1,     1,     1 }] is used by node 'cache_k_l5 (view)' (SET_ROWS)
llama_graph_n_input_tensors: input tensor '                 attn_inp_k_idxs' [i64, ne = {   128,     1,     1,     1 }] is used by node 'cache_k_l6 (view)' (SET_ROWS)
llama_graph_n_input_tensors: input tensor '                 attn_inp_k_idxs' [i64, ne = {   128,     1,     1,     1 }] is used by node 'cache_k_l7 (view)' (SET_ROWS)
llama_graph_n_input_tensors: input tensor '                 attn_inp_k_idxs' [i64, ne = {   128,     1,     1,     1 }] is used by node 'cache_k_l8 (view)' (SET_ROWS)
llama_graph_n_input_tensors: input tensor '                 attn_inp_k_idxs' [i64, ne = {   128,     1,     1,     1 }] is used by node 'cache_k_l9 (view)' (SET_ROWS)
llama_graph_n_input_tensors: input tensor '                 attn_inp_k_idxs' [i64, ne = {   128,     1,     1,     1 }] is used by node 'cache_k_l10 (view)' (SET_ROWS)
llama_graph_n_input_tensors: input tensor '                 attn_inp_k_idxs' [i64, ne = {   128,     1,     1,     1 }] is used by node 'cache_k_l11 (view)' (SET_ROWS)
llama_graph_n_input_tensors: input tensor '                 attn_inp_k_idxs' [i64, ne = {   128,     1,     1,     1 }] is used by node 'cache_k_l12 (view)' (SET_ROWS)
llama_graph_n_input_tensors: input tensor '                 attn_inp_k_idxs' [i64, ne = {   128,     1,     1,     1 }] is used by node 'cache_k_l13 (view)' (SET_ROWS)
llama_graph_n_input_tensors: input tensor '                 attn_inp_k_idxs' [i64, ne = {   128,     1,     1,     1 }] is used by node 'cache_k_l14 (view)' (SET_ROWS)
llama_graph_n_input_tensors: input tensor '                 attn_inp_k_idxs' [i64, ne = {   128,     1,     1,     1 }] is used by node 'cache_k_l15 (view)' (SET_ROWS)
llama_graph_n_input_tensors: input tensor '                 attn_inp_k_idxs' [i64, ne = {   128,     1,     1,     1 }] is used by node 'cache_k_l16 (view)' (SET_ROWS)
llama_graph_n_input_tensors: input tensor '                 attn_inp_k_idxs' [i64, ne = {   128,     1,     1,     1 }] is used by node 'cache_k_l17 (view)' (SET_ROWS)
llama_graph_n_input_tensors: input tensor '                 attn_inp_k_idxs' [i64, ne = {   128,     1,     1,     1 }] is used by node 'cache_k_l18 (view)' (SET_ROWS)
llama_graph_n_input_tensors: input tensor '                 attn_inp_k_idxs' [i64, ne = {   128,     1,     1,     1 }] is used by node 'cache_k_l19 (view)' (SET_ROWS)
llama_graph_n_input_tensors: input tensor '                 attn_inp_k_idxs' [i64, ne = {   128,     1,     1,     1 }] is used by node 'cache_k_l20 (view)' (SET_ROWS)
llama_graph_n_input_tensors: input tensor '                 attn_inp_k_idxs' [i64, ne = {   128,     1,     1,     1 }] is used by node 'cache_k_l21 (view)' (SET_ROWS)
llama_graph_n_input_tensors: input tensor '                 attn_inp_k_idxs' [i64, ne = {   128,     1,     1,     1 }] is used by node 'cache_k_l22 (view)' (SET_ROWS)
llama_graph_n_input_tensors: input tensor '                 attn_inp_k_idxs' [i64, ne = {   128,     1,     1,     1 }] is used by node 'cache_k_l23 (view)' (SET_ROWS)
llama_graph_n_input_tensors: input tensor '                 attn_inp_k_idxs' [i64, ne = {   128,     1,     1,     1 }] is used by node 'cache_k_l24 (view)' (SET_ROWS)
llama_graph_n_input_tensors: input tensor '                 attn_inp_k_idxs' [i64, ne = {   128,     1,     1,     1 }] is used by node 'cache_k_l25 (view)' (SET_ROWS)
llama_graph_n_input_tensors: input tensor '                 attn_inp_k_idxs' [i64, ne = {   128,     1,     1,     1 }] is used by node 'cache_k_l26 (view)' (SET_ROWS)
llama_graph_n_input_tensors: input tensor '                 attn_inp_k_idxs' [i64, ne = {   128,     1,     1,     1 }] is used by node 'cache_k_l27 (view)' (SET_ROWS)
llama_graph_n_input_tensors: input tensor '                 attn_inp_k_idxs' [i64, ne = {   128,     1,     1,     1 }] is used by node 'cache_k_l28 (view)' (SET_ROWS)
llama_graph_n_input_tensors: input tensor '                 attn_inp_k_idxs' [i64, ne = {   128,     1,     1,     1 }] is used by node 'cache_k_l29 (view)' (SET_ROWS)
llama_graph_n_input_tensors: input tensor '                 attn_inp_k_idxs' [i64, ne = {   128,     1,     1,     1 }] is used by node 'cache_k_l30 (view)' (SET_ROWS)
llama_graph_n_input_tensors: input tensor '                 attn_inp_k_idxs' [i64, ne = {   128,     1,     1,     1 }] is used by node 'cache_k_l31 (view)' (SET_ROWS)
llama_graph_n_input_tensors: input tensor '                         inp_pos' [i32, ne = {   128,     1,     1,     1 }] is used by node 'Qcur-0' (ROPE)
llama_graph_n_input_tensors: input tensor '                         inp_pos' [i32, ne = {   128,     1,     1,     1 }] is used by node 'Kcur-0' (ROPE)
llama_graph_n_input_tensors: input tensor '                         inp_pos' [i32, ne = {   128,     1,     1,     1 }] is used by node 'Qcur-1' (ROPE)
llama_graph_n_input_tensors: input tensor '                         inp_pos' [i32, ne = {   128,     1,     1,     1 }] is used by node 'Kcur-1' (ROPE)
llama_graph_n_input_tensors: input tensor '                         inp_pos' [i32, ne = {   128,     1,     1,     1 }] is used by node 'Qcur-2' (ROPE)
llama_graph_n_input_tensors: input tensor '                         inp_pos' [i32, ne = {   128,     1,     1,     1 }] is used by node 'Kcur-2' (ROPE)
llama_graph_n_input_tensors: input tensor '                         inp_pos' [i32, ne = {   128,     1,     1,     1 }] is used by node 'Qcur-3' (ROPE)
llama_graph_n_input_tensors: input tensor '                         inp_pos' [i32, ne = {   128,     1,     1,     1 }] is used by node 'Kcur-3' (ROPE)
llama_graph_n_input_tensors: input tensor '                         inp_pos' [i32, ne = {   128,     1,     1,     1 }] is used by node 'Qcur-4' (ROPE)
llama_graph_n_input_tensors: input tensor '                         inp_pos' [i32, ne = {   128,     1,     1,     1 }] is used by node 'Kcur-4' (ROPE)
llama_graph_n_input_tensors: input tensor '                         inp_pos' [i32, ne = {   128,     1,     1,     1 }] is used by node 'Qcur-5' (ROPE)
llama_graph_n_input_tensors: input tensor '                         inp_pos' [i32, ne = {   128,     1,     1,     1 }] is used by node 'Kcur-5' (ROPE)
llama_graph_n_input_tensors: input tensor '                         inp_pos' [i32, ne = {   128,     1,     1,     1 }] is used by node 'Qcur-6' (ROPE)
llama_graph_n_input_tensors: input tensor '                         inp_pos' [i32, ne = {   128,     1,     1,     1 }] is used by node 'Kcur-6' (ROPE)
llama_graph_n_input_tensors: input tensor '                         inp_pos' [i32, ne = {   128,     1,     1,     1 }] is used by node 'Qcur-7' (ROPE)
llama_graph_n_input_tensors: input tensor '                         inp_pos' [i32, ne = {   128,     1,     1,     1 }] is used by node 'Kcur-7' (ROPE)
llama_graph_n_input_tensors: input tensor '                         inp_pos' [i32, ne = {   128,     1,     1,     1 }] is used by node 'Qcur-8' (ROPE)
llama_graph_n_input_tensors: input tensor '                         inp_pos' [i32, ne = {   128,     1,     1,     1 }] is used by node 'Kcur-8' (ROPE)
llama_graph_n_input_tensors: input tensor '                         inp_pos' [i32, ne = {   128,     1,     1,     1 }] is used by node 'Qcur-9' (ROPE)
llama_graph_n_input_tensors: input tensor '                         inp_pos' [i32, ne = {   128,     1,     1,     1 }] is used by node 'Kcur-9' (ROPE)
llama_graph_n_input_tensors: input tensor '                         inp_pos' [i32, ne = {   128,     1,     1,     1 }] is used by node 'Qcur-10' (ROPE)
llama_graph_n_input_tensors: input tensor '                         inp_pos' [i32, ne = {   128,     1,     1,     1 }] is used by node 'Kcur-10' (ROPE)
llama_graph_n_input_tensors: input tensor '                         inp_pos' [i32, ne = {   128,     1,     1,     1 }] is used by node 'Qcur-11' (ROPE)
llama_graph_n_input_tensors: input tensor '                         inp_pos' [i32, ne = {   128,     1,     1,     1 }] is used by node 'Kcur-11' (ROPE)
llama_graph_n_input_tensors: input tensor '                         inp_pos' [i32, ne = {   128,     1,     1,     1 }] is used by node 'Qcur-12' (ROPE)
llama_graph_n_input_tensors: input tensor '                         inp_pos' [i32, ne = {   128,     1,     1,     1 }] is used by node 'Kcur-12' (ROPE)
llama_graph_n_input_tensors: input tensor '                         inp_pos' [i32, ne = {   128,     1,     1,     1 }] is used by node 'Qcur-13' (ROPE)
llama_graph_n_input_tensors: input tensor '                         inp_pos' [i32, ne = {   128,     1,     1,     1 }] is used by node 'Kcur-13' (ROPE)
llama_graph_n_input_tensors: input tensor '                         inp_pos' [i32, ne = {   128,     1,     1,     1 }] is used by node 'Qcur-14' (ROPE)
llama_graph_n_input_tensors: input tensor '                         inp_pos' [i32, ne = {   128,     1,     1,     1 }] is used by node 'Kcur-14' (ROPE)
llama_graph_n_input_tensors: input tensor '                         inp_pos' [i32, ne = {   128,     1,     1,     1 }] is used by node 'Qcur-15' (ROPE)
llama_graph_n_input_tensors: input tensor '                         inp_pos' [i32, ne = {   128,     1,     1,     1 }] is used by node 'Kcur-15' (ROPE)
llama_graph_n_input_tensors: input tensor '                         inp_pos' [i32, ne = {   128,     1,     1,     1 }] is used by node 'Qcur-16' (ROPE)
llama_graph_n_input_tensors: input tensor '                         inp_pos' [i32, ne = {   128,     1,     1,     1 }] is used by node 'Kcur-16' (ROPE)
llama_graph_n_input_tensors: input tensor '                         inp_pos' [i32, ne = {   128,     1,     1,     1 }] is used by node 'Qcur-17' (ROPE)
llama_graph_n_input_tensors: input tensor '                         inp_pos' [i32, ne = {   128,     1,     1,     1 }] is used by node 'Kcur-17' (ROPE)
llama_graph_n_input_tensors: input tensor '                         inp_pos' [i32, ne = {   128,     1,     1,     1 }] is used by node 'Qcur-18' (ROPE)
llama_graph_n_input_tensors: input tensor '                         inp_pos' [i32, ne = {   128,     1,     1,     1 }] is used by node 'Kcur-18' (ROPE)
llama_graph_n_input_tensors: input tensor '                         inp_pos' [i32, ne = {   128,     1,     1,     1 }] is used by node 'Qcur-19' (ROPE)
llama_graph_n_input_tensors: input tensor '                         inp_pos' [i32, ne = {   128,     1,     1,     1 }] is used by node 'Kcur-19' (ROPE)
llama_graph_n_input_tensors: input tensor '                         inp_pos' [i32, ne = {   128,     1,     1,     1 }] is used by node 'Qcur-20' (ROPE)
llama_graph_n_input_tensors: input tensor '                         inp_pos' [i32, ne = {   128,     1,     1,     1 }] is used by node 'Kcur-20' (ROPE)
llama_graph_n_input_tensors: input tensor '                         inp_pos' [i32, ne = {   128,     1,     1,     1 }] is used by node 'Qcur-21' (ROPE)
llama_graph_n_input_tensors: input tensor '                         inp_pos' [i32, ne = {   128,     1,     1,     1 }] is used by node 'Kcur-21' (ROPE)
llama_graph_n_input_tensors: input tensor '                         inp_pos' [i32, ne = {   128,     1,     1,     1 }] is used by node 'Qcur-22' (ROPE)
llama_graph_n_input_tensors: input tensor '                         inp_pos' [i32, ne = {   128,     1,     1,     1 }] is used by node 'Kcur-22' (ROPE)
llama_graph_n_input_tensors: input tensor '                         inp_pos' [i32, ne = {   128,     1,     1,     1 }] is used by node 'Qcur-23' (ROPE)
llama_graph_n_input_tensors: input tensor '                         inp_pos' [i32, ne = {   128,     1,     1,     1 }] is used by node 'Kcur-23' (ROPE)
llama_graph_n_input_tensors: input tensor '                         inp_pos' [i32, ne = {   128,     1,     1,     1 }] is used by node 'Qcur-24' (ROPE)
llama_graph_n_input_tensors: input tensor '                         inp_pos' [i32, ne = {   128,     1,     1,     1 }] is used by node 'Kcur-24' (ROPE)
llama_graph_n_input_tensors: input tensor '                         inp_pos' [i32, ne = {   128,     1,     1,     1 }] is used by node 'Qcur-25' (ROPE)
llama_graph_n_input_tensors: input tensor '                         inp_pos' [i32, ne = {   128,     1,     1,     1 }] is used by node 'Kcur-25' (ROPE)
llama_graph_n_input_tensors: input tensor '                         inp_pos' [i32, ne = {   128,     1,     1,     1 }] is used by node 'Qcur-26' (ROPE)
llama_graph_n_input_tensors: input tensor '                         inp_pos' [i32, ne = {   128,     1,     1,     1 }] is used by node 'Kcur-26' (ROPE)
llama_graph_n_input_tensors: input tensor '                         inp_pos' [i32, ne = {   128,     1,     1,     1 }] is used by node 'Qcur-27' (ROPE)
llama_graph_n_input_tensors: input tensor '                         inp_pos' [i32, ne = {   128,     1,     1,     1 }] is used by node 'Kcur-27' (ROPE)
llama_graph_n_input_tensors: input tensor '                         inp_pos' [i32, ne = {   128,     1,     1,     1 }] is used by node 'Qcur-28' (ROPE)
llama_graph_n_input_tensors: input tensor '                         inp_pos' [i32, ne = {   128,     1,     1,     1 }] is used by node 'Kcur-28' (ROPE)
llama_graph_n_input_tensors: input tensor '                         inp_pos' [i32, ne = {   128,     1,     1,     1 }] is used by node 'Qcur-29' (ROPE)
llama_graph_n_input_tensors: input tensor '                         inp_pos' [i32, ne = {   128,     1,     1,     1 }] is used by node 'Kcur-29' (ROPE)
llama_graph_n_input_tensors: input tensor '                         inp_pos' [i32, ne = {   128,     1,     1,     1 }] is used by node 'Qcur-30' (ROPE)
llama_graph_n_input_tensors: input tensor '                         inp_pos' [i32, ne = {   128,     1,     1,     1 }] is used by node 'Kcur-30' (ROPE)
llama_graph_n_input_tensors: input tensor '                         inp_pos' [i32, ne = {   128,     1,     1,     1 }] is used by node 'Qcur-31' (ROPE)
llama_graph_n_input_tensors: input tensor '                         inp_pos' [i32, ne = {   128,     1,     1,     1 }] is used by node 'Kcur-31' (ROPE)
llama_graph_n_input_tensors: input tensor '                      inp_tokens' [i32, ne = {   128,     1,     1,     1 }] is used by node 'embd' (GET_ROWS)
sched_reserve:        CPU compute buffer size =    66.58 MiB
sched_reserve: graph: nodes = 1126, splits = 1, input objects = 4, input tensors = 6
sched_reserve: reserve took 3.12 ms, sched copies = 1
model_load_us=369666 warm_translation_us=2420668 backend="CPU"
~llama_context:        CPU compute buffer size is  66.5820 MiB, matches expectation of  66.5820 MiB
PASS: resident hy model benchmark completed
